0,0001;0,2;0
0,00015;0,2005;0
0,0002;0,201;0
0,00025;0,2015;0
0,0003;0,202;0
0,00035;0,2025;0
0,0004;0,203;0
0,00045;0,2035;0
0,0005;0,204;0
0,00055;0,2045;0
0,0006;0,205;0
0,00065;0,2055;0
0,0007;0,206;0
0,00075;0,2065;0
0,0008;0,207;0
0,00085;0,2075;0
0,000;0,208;0
0,0005;0,2085;0
0,001;0,20;0
0,00105;0,205;0
0,0011;0,21;0
0,00115;0,2105;0
0,0012;0,211;0
0,00125;0,2115;0
0,0013;0,212;0
0,00135;0,2125;0
0,0014;0,213;0
0,00145;0,2135;0
0,0015;0,214;0
0,00155;0,2145;0
0,0016;0,215;0
0,00165;0,2155;0
0,0017;0,216;0
0,00175;0,2165;0
0,0018;0,217;0
0,00185;0,2175;0
0,001;0,218;0
0,0015;0,2185;0
0,002;0,21;0
0,00205;0,215;0
0,0021;0,22;0
0,00215;0,2205;0
0,0022;0,221;0
0,00225;0,2215;0
0,0023;0,222;0
0,00235;0,2225;0
0,0024;0,223;0
0,00245;0,2235;0
0,0025;0,224;0
0,00255;0,2245;0
0,0026;0,225;0
0,00265;0,2255;0
0,0027;0,226;0
0,00275;0,2265;0
0,0028;0,227;0
0,00285;0,2275;0
0,002;0,228;0
0,0025;0,2285;0
0,003;0,22;0
0,00305;0,225;0
0,0031;0,23;0
0,00315;0,2305;0
0,0032;0,231;0
0,00325;0,2315;0
0,0033;0,232;0
0,00335;0,2325;0
0,0034;0,233;0
0,00345;0,2335;0
0,0035;0,234;0
0,00355;0,2345;0
0,0036;0,235;0
0,00365;0,2355;0
0,0037;0,236;0
0,00375;0,2365;0
0,0038;0,237;0
0,00385;0,2375;0
0,003;0,238;0
0,0035;0,2385;0
0,004;0,23;0
0,00405;0,235;0
0,0041;0,24;0
0,00415;0,2405;0
0,0042;0,241;0
0,00425;0,2415;0
0,0043;0,242;0
0,00435;0,2425;0
0,0044;0,243;0
0,00445;0,2435;0
0,0045;0,244;0
0,00455;0,2445;0
0,0046;0,245;0
0,00465;0,2455;0
0,0047;0,246;0
0,00475;0,2465;0
0,0048;0,247;0
0,00485;0,2475;0
0,004;0,248;0
0,0045;0,2485;0
0,005;0,24;0
0,00505;0,245;0
0,0051;0,25;0
0,00515;0,2505;0
0,0052;0,251;0
0,00525;0,2515;0
0,0053;0,252;0
0,00535;0,2525;0
0,0054;0,253;0
0,00545;0,2535;0
0,0055;0,254;0
0,00554;0,2545;0
0,0055;0,255;0
0,00564;0,2555;0
0,0056;0,256;0
0,00574;0,2565;0
0,0057;0,257;0
0,00584;0,2575;0
0,0058;0,258;0
0,0054;0,2585;0
0,005;0,25;0
0,00604;0,255;0
0,0060;0,26;0
0,00614;0,2605;0
0,0061;0,261;0
0,00624;0,2615;0
0,0062;0,262;0
0,00634;0,2625;0
0,0063;0,263;0
0,00644;0,2635;0
0,0064;0,264;0
0,00654;0,2645;0
0,0065;0,265;0
0,00664;0,2655;0
0,0066;0,266;0
0,00674;0,2665;0
0,0067;0,267;0
0,00684;0,2675;0
0,0068;0,268;0
0,0064;0,2685;0
0,006;0,26;0
0,00704;0,265;0
0,00708;0,27;0
0,007148;0,2705;0
0,00718;0,271;0
0,007248;0,2715;0
0,00728;0,272;0
0,007348;0,2725;0
0,00738;0,273;0
0,007448;0,2735;0
0,00748;0,274;0
0,007548;0,2745;0
0,00758;0,275;0
0,007648;0,2755;0
0,00768;0,276;0
0,007748;0,2765;0
0,00778;0,277;0
0,007848;0,2775;0
0,00788;0,278;0
0,00748;0,2785;0
0,0078;0,27;0
0,008048;0,275;0
0,00808;0,28;0
0,008148;0,2805;0
0,00818;0,281;0
0,008248;0,2815;0
0,00828;0,282;0
0,008348;0,2825;0
0,00838;0,283;0
0,008448;0,2835;0
0,00848;0,284;0
0,008548;0,2845;0
0,00858;0,285;0
0,008648;0,2855;0
0,00867;0,286;0
0,008748;0,2865;0
0,00877;0,287;0
0,008848;0,2875;0
0,00887;0,288;0
0,00847;0,2885;0
0,0087;0,28;0
0,00047;0,285;0
0,0007;0,2;0
0,00147;0,205;0
0,0017;0,21;0
0,00247;0,215;0
0,0027;0,22;0
0,00347;0,225;0
0,0037;0,23;0
0,00447;0,235;0
0,0047;0,24;0
0,00547;0,245;0
0,0057;0,25;0
0,00647;0,255;0
0,0067;0,26;0
0,00747;0,265;0
0,0077;0,27;0
0,00847;0,275;0
0,0087;0,28;0
0,0047;0,285;0
0,007;0,2;0
0,01005;0,25;0
0,0101;0,3;0
0,01015;0,3005;0
0,0102;0,301;0
0,01025;0,3015;0
0,0103;0,302;0
0,01035;0,3025;0
0,0104;0,303;0
0,01045;0,3035;0
0,0105;0,304;0
0,01055;0,3045;0
0,0106;0,305;0
0,01065;0,3055;0
0,0107;0,306;0
0,01075;0,3065;0
0,0108;0,307;0
0,01085;0,3075;0
0,010;0,308;0
0,0105;0,3085;0
0,011;0,30;0
0,01105;0,305;0
0,0111;0,31;0
0,01115;0,3105;0
0,0112;0,311;0
0,01125;0,3115;0
0,0113;0,312;0
0,01135;0,3125;0
0,0114;0,313;0
0,01145;0,3135;0
0,0115;0,314;0
0,01155;0,3145;0
0,0116;0,315;0
0,01165;0,3155;0
0,0117;0,316;0
0,01175;0,3165;0
0,0118;0,317;0
0,01185;0,3175;0
0,011;0,318;0
0,0115;0,3185;0
0,012;0,31;0
0,01205;0,315;0
0,0121;0,32;0
0,01215;0,3205;0
0,0122;0,321;0
0,01225;0,3215;0
0,0123;0,322;0
0,01235;0,3225;0
0,0124;0,323;0
0,01245;0,3235;0
0,0125;0,324;0
0,01255;0,3245;0
0,0126;0,325;0
0,01265;0,3255;0
0,0127;0,326;0
0,01275;0,3265;0
0,0128;0,327;0
0,01285;0,3275;0
0,012;0,328;0
0,0124;0,3285;0
0,013;0,32;0
0,01304;0,325;0
0,0130;0,33;0
0,01314;0,3305;0
0,0131;0,331;0
0,01324;0,3315;0
0,0132;0,332;0
0,01334;0,3325;0
0,0133;0,333;0
0,01344;0,3335;0
0,0134;0,334;0
0,01354;0,3345;0
0,0135;0,335;0
0,01364;0,3355;0
0,0136;0,336;0
0,01374;0,3365;0
0,0137;0,337;0
0,01384;0,3375;0
0,0138;0,338;0
0,0134;0,3385;0
0,013;0,33;0
0,01404;0,335;0
0,0140;0,34;0
0,01414;0,3405;0
0,0141;0,341;0
0,01424;0,3415;0
0,0142;0,342;0
0,01434;0,3425;0
0,0143;0,343;0
0,01444;0,3435;0
0,0144;0,344;0
0,01454;0,3445;0
0,0145;0,345;0
0,01464;0,3455;0
0,0146;0,346;0
0,01474;0,3465;0
0,0147;0,347;0
0,01484;0,3475;0
0,0148;0,348;0
0,0144;0,3485;0
0,014;0,34;0
0,01504;0,345;0
0,0150;0,35;0
0,01514;0,3505;0
0,0151;0,351;0
0,01524;0,3515;0
0,0152;0,352;0
0,01534;0,3525;0
0,0153;0,353;0
0,01544;0,3535;0
0,0154;0,354;0
0,01554;0,3545;0
0,0155;0,355;0
0,01564;0,3555;0
0,0156;0,356;0
0,01574;0,3565;0
0,0157;0,357;0
0,01584;0,3575;0
0,0158;0,358;0
0,0154;0,3585;0
0,015;0,35;0
0,01604;0,355;0
0,0160;0,36;0
0,01615;0,3605;0
0,0162;0,361;0
0,01625;0,3615;0
0,0163;0,362;0
0,01635;0,3625;0
0,0164;0,363;0
0,01645;0,3635;0
0,0165;0,364;0
0,01655;0,3645;0
0,0166;0,365;0
0,01665;0,3655;0
0,0167;0,366;0
0,01675;0,3665;0
0,0168;0,367;0
0,01685;0,3675;0
0,016;0,368;0
0,0165;0,3685;0
0,017;0,36;0
0,01705;0,365;0
0,0171;0,37;0
0,01715;0,3705;0
0,0172;0,371;0
0,01725;0,3715;0
0,0173;0,372;0
0,01735;0,3725;0
0,0174;0,373;0
0,01745;0,3735;0
0,0175;0,374;0
0,01755;0,3745;0
0,0176;0,375;0
0,01765;0,3755;0
0,0177;0,376;0
0,01775;0,3765;0
0,0178;0,377;0
0,01785;0,3775;0
0,017;0,378;0
0,0175;0,3785;0
0,018;0,37;0
0,01805;0,375;0
0,0181;0,38;0
0,01815;0,3805;0
0,0182;0,381;0
0,01825;0,3815;0
0,0183;0,382;0
0,01835;0,3825;0
0,0184;0,383;0
0,01845;0,3835;0
0,0185;0,384;0
0,01855;0,3845;0
0,0186;0,385;0
0,01865;0,3855;0
0,0187;0,386;0
0,01875;0,3865;0
0,0188;0,387;0
0,01885;0,3875;0
0,018;0,388;0
0,0185;0,3885;0
0,01;0,38;0
0,0105;0,385;0
0,011;0,3;0
0,0115;0,305;0
0,012;0,31;0
0,0125;0,315;0
0,013;0,32;0
0,0135;0,325;0
0,014;0,33;0
0,0145;0,335;0
0,015;0,34;0
0,0155;0,345;0
0,016;0,35;0
0,016501;0,355;0
0,017001;0,36;0
0,017501;0,365;0
0,018001;0,37;0
0,018501;0,375;0
0,01001;0,38;0
0,01501;0,385;0
0,0200001;0,3;0
0,0200501;0,35;0
0,0201001;0,4;0
0,0201501;0,4005;0
0,0202001;0,401;0
0,0202501;0,4015;0
0,0203001;0,402;0
0,0203501;0,4025;0
0,0204001;0,403;0
0,0204501;0,4035;0
0,0205001;0,404;0
0,0205501;0,4045;0
0,0206001;0,405;0
0,0206501;0,4055;0
0,0207001;0,406;0
0,0207501;0,4065;0
0,0208001;0,407;0
0,0208501;0,4075;0
0,020001;0,408;0
0,020501;0,4085;0
0,0210001;0,40;0
0,0210501;0,405;0
0,0211001;0,41;0
0,0211501;0,4105;0
0,0212001;0,411;0
0,0212501;0,4115;0
0,0213001;0,412;0
0,0213501;0,4125;0
0,0214001;0,413;0
0,0214501;0,4135;0
0,0215001;0,414;0
0,0215501;0,4145;0
0,0216001;0,415;0
0,0216501;0,4155;0
0,0217001;0,416;0
0,0217501;0,4165;0
0,0218001;0,417;0
0,0218501;0,4175;0
0,021001;0,418;0
0,021501;0,4185;0
0,0220001;0,41;0
0,0220501;0,415;0
0,0221001;0,42;0
0,0221501;0,4205;0
0,0222001;0,421;0
0,0222501;0,4215;0
0,0223001;0,422;0
0,0223501;0,4225;0
0,0224001;0,423;0
0,0224501;0,4235;0
0,0225001;0,424;0
0,0225501;0,4245;0
0,0226001;0,425;0
0,0226501;0,4255;0
0,0227001;0,426;0
0,0227501;0,4265;0
0,0228001;0,427;0
0,0228501;0,4275;0
0,022001;0,428;0
0,022501;0,4285;0
0,0230001;0,42;0
0,0230501;0,425;0
0,0231001;0,43;0
0,0231501;0,4305;0
0,0232001;0,431;0
0,0232502;0,4315;0
0,0233002;0,432;0
0,0233502;0,4325;0
0,0234002;0,433;0
0,0234502;0,4335;0
0,0235002;0,434;0
0,0235502;0,4345;0
0,0236002;0,435;0
0,0236502;0,4355;0
0,0237002;0,436;0
0,0237502;0,4365;0
0,0238002;0,437;0
0,0238502;0,4375;0
0,023002;0,438;0
0,023502;0,4385;0
0,0240002;0,43;0
0,0240502;0,435;0
0,0241002;0,44;0
0,0241502;0,4405;0
0,0242002;0,441;0
0,0242502;0,4415;0
0,0243002;0,442;0
0,0243502;0,4425;0
0,0244002;0,443;0
0,0244502;0,4435;0
0,0245002;0,444;0
0,0245502;0,4445;0
0,0246002;0,445;0
0,0246502;0,4455;0
0,0247002;0,446;0
0,0247502;0,4465;0
0,0248002;0,447;0
0,0248502;0,4475;0
0,024002;0,448;0
0,024502;0,4485;0
0,0250002;0,44;0
0,0250502;0,445;0
0,0251002;0,45;0
0,0251502;0,4505;0
0,0252002;0,451;0
0,0252502;0,4515;0
0,0253002;0,452;0
0,0253502;0,4525;0
0,0254002;0,453;0
0,0254502;0,4535;0
0,0255002;0,454;0
0,0255502;0,4545;0
0,0256002;0,455;0
0,0256502;0,4555;0
0,0257002;0,456;0
0,0257502;0,4565;0
0,0258002;0,457;0
0,0258502;0,4575;0
0,025002;0,458;0
0,025502;0,4585;0
0,0260002;0,45;0
0,0260502;0,455;0
0,0261002;0,46;0
0,0261502;0,4605;0
0,0262002;0,461;0
0,0262502;0,4615;0
0,0263002;0,462;0
0,0263502;0,4625;0
0,0264002;0,463;0
0,0264502;0,4635;0
0,0265002;0,464;0
0,0265502;0,4645;0
0,0266002;0,465;0
0,0266502;0,4655;0
0,0267003;0,466;0
0,0267503;0,4665;0
0,0268003;0,467;0
0,0268503;0,4675;0
0,026003;0,468;0
0,026503;0,4685;0
0,0270003;0,46;0
0,0270503;0,465;0
0,0271003;0,47;0
0,0271503;0,4705;0
0,0272003;0,471;0
0,0272503;0,4715;0
0,0273003;0,472;0
0,0273503;0,4725;0
0,0274003;0,473;0
0,0274503;0,4735;0
0,0275003;0,474;0
0,0275503;0,4745;0
0,0276003;0,475;0
0,0276503;0,4755;0
0,0277003;0,476;0
0,0277503;0,4765;0
0,0278003;0,477;0
0,0278503;0,4775;0
0,027003;0,478;0
0,027503;0,4785;0
0,0280003;0,47;0
0,0280503;0,475;0
0,0281003;0,48;0
0,0281503;0,4805;0
0,0282003;0,481;0
0,0282503;0,4815;0
0,0283003;0,482;0
0,0283503;0,4825;0
0,0284003;0,483;0
0,0284503;0,4835;0
0,0285003;0,484;0
0,0285503;0,4845;0
0,0286003;0,485;0
0,0286503;0,4855;0
0,0287003;0,486;0
0,0287503;0,4865;0
0,0288003;0,487;0
0,0288503;0,4875;0
0,028003;0,488;0
0,028503;0,4885;0
0,020003;0,48;0
0,020503;0,485;0
0,021003;0,4;0
0,021503;0,405;0
0,022003;0,41;0
0,022503;0,415;0
0,023003;0,42;0
0,023503;0,425;0
0,024003;0,43;0
0,024503;0,435;0
0,025003;0,44;0
0,025503;0,445;0
0,026003;0,45;0
0,026503;0,455;0
0,027003;0,46;0
0,027503;0,465;0
0,028003;0,47;0
0,028503;0,475;0
0,02003;0,48;0
0,02503;0,485;0
0,0300003;0,4;0
0,0300503;0,45;0
0,0301003;0,5;0
0,0301503;0,5005;0
0,0302003;0,501;0
0,0302504;0,5015;0
0,0303004;0,502;0
0,0303504;0,5025;0
0,0304004;0,503;0
0,0304504;0,5035;0
0,0305004;0,504;0
0,0305504;0,5045;0
0,0306004;0,505;0
0,0306504;0,5055;0
0,0307004;0,506;0
0,0307504;0,5065;0
0,0308004;0,506;0
0,0308504;0,5074;0
0,030004;0,507;0
0,030504;0,5084;0
0,0310004;0,508;0
0,0310504;0,504;0
0,0311004;0,50;0
0,0311504;0,5104;0
0,0312004;0,510;0
0,0312504;0,5114;0
0,0313004;0,511;0
0,0313504;0,5124;0
0,0314004;0,512;0
0,0314504;0,5134;0
0,0315004;0,513;0
0,0315504;0,5144;0
0,0316004;0,514;0
0,0316504;0,5154;0
0,0317004;0,5158;0
0,0317504;0,51648;0
0,0318004;0,5168;0
0,0318504;0,51748;0
0,031004;0,5178;0
0,031504;0,51848;0
0,0320004;0,5188;0
0,0320504;0,5148;0
0,0321004;0,518;0
0,0321504;0,52048;0
0,0322004;0,5208;0
0,0322504;0,52148;0
0,0323004;0,5218;0
0,0323504;0,52248;0
0,0324004;0,5228;0
0,0324504;0,52348;0
0,0325004;0,5238;0
0,0325504;0,52448;0
0,0326004;0,5247;0
0,0326504;0,52547;0
0,0327004;0,5257;0
0,0327504;0,52647;0
0,0328004;0,5267;0
0,0328504;0,52747;0
0,032004;0,5277;0
0,032504;0,52847;0
0,0330004;0,5287;0
0,0330504;0,5247;0
0,0331004;0,527;0
0,0331504;0,53047;0
0,0332004;0,5307;0
0,0332504;0,53147;0
0,0333004;0,5317;0
0,0333504;0,53247;0
0,0334004;0,5327;0
0,0334504;0,53347;0
0,0335004;0,5336;0
0,0335504;0,53446;0
0,0336004;0,5346;0
0,0336504;0,53546;0
0,0337004;0,5356;0
0,0337505;0,53646;0
0,0338005;0,5366;0
0,0338505;0,53746;0
0,033005;0,5376;0
0,033505;0,53846;0
0,0340005;0,5386;0
0,0340505;0,5346;0
0,0341005;0,536;0
0,0341505;0,54046;0
0,0342005;0,5406;0
0,0342505;0,54146;0
0,0343005;0,5416;0
0,0343505;0,54246;0
0,0344005;0,5425;0
0,0344505;0,54345;0
0,0345005;0,5435;0
0,0345505;0,54445;0
0,0346005;0,5445;0
0,0346505;0,54545;0
0,0347005;0,5455;0
0,0347505;0,54645;0
0,0348005;0,5465;0
0,0348505;0,54745;0
0,034005;0,5475;0
0,034505;0,54845;0
0,0350005;0,5485;0
0,0350505;0,5445;0
0,0351005;0,545;0
0,0351505;0,55045;0
0,0352005;0,5505;0
0,0352505;0,55145;0
0,0353005;0,5514;0
0,0353505;0,55244;0
0,0354005;0,5524;0
0,0354505;0,55344;0
0,0355005;0,5534;0
0,0355505;0,55444;0
0,0356005;0,5544;0
0,0356505;0,55544;0
0,0357005;0,5554;0
0,0357505;0,55644;0
0,0358005;0,5564;0
0,0358505;0,55744;0
0,035005;0,5574;0
0,035505;0,55844;0
0,0360005;0,5584;0
0,0360505;0,5544;0
0,0361005;0,554;0
0,0361505;0,56044;0
0,0362005;0,5603;0
0,0362505;0,56143;0
0,0363005;0,5613;0
0,0363505;0,56243;0
0,0364005;0,5623;0
0,0364505;0,56343;0
0,0365005;0,5633;0
0,0365505;0,56443;0
0,0366005;0,5643;0
0,0366505;0,56543;0
0,0367005;0,5653;0
0,0367505;0,56643;0
0,0368005;0,5663;0
0,0368505;0,56743;0
0,036005;0,5673;0
0,036505;0,56843;0
0,0370005;0,5683;0
0,0370505;0,5643;0
0,0371005;0,563;0
0,0371505;0,57042;0
0,0372006;0,5702;0
0,0372506;0,57142;0
0,0373006;0,5712;0
0,0373506;0,57242;0
0,0374006;0,5722;0
0,0374506;0,57342;0
0,0375006;0,5732;0
0,0375506;0,57442;0
0,0376006;0,5742;0
0,0376506;0,57542;0
0,0377006;0,5752;0
0,0377506;0,57642;0
0,0378006;0,5762;0
0,0378506;0,57742;0
0,037006;0,5772;0
0,037506;0,57842;0
0,0380006;0,5782;0
0,0380506;0,5741;0
0,0381006;0,571;0
0,0381506;0,58041;0
0,0382006;0,5801;0
0,0382506;0,58141;0
0,0383006;0,5811;0
0,0383506;0,58241;0
0,0384006;0,5821;0
0,0384506;0,58341;0
0,0385006;0,5831;0
0,0385506;0,58441;0
0,0386006;0,5841;0
0,0386506;0,58541;0
0,0387006;0,5851;0
0,0387506;0,58641;0
0,0388006;0,5861;0
0,0388506;0,58741;0
0,038006;0,5871;0
0,038506;0,58841;0
0,030006;0,588;0
0,030506;0,584;0
0,031006;0,58;0
0,031506;0,504;0
0,032006;0,50;0
0,032506;0,514;0
0,033006;0,51;0
0,033506;0,524;0
0,034006;0,52;0
0,034506;0,534;0
0,035006;0,53;0
0,035506;0,544;0
0,036006;0,54;0
0,036506;0,554;0
0,037006;0,55;0
0,037506;0,564;0
0,038006;0,56;0
0,038506;0,574;0
0,03006;0,578;0
0,03506;0,5848;0
0,0400006;0,588;0
0,0400506;0,548;0
0,0401006;0,58;0
0,0401506;0,60048;0
0,0402006;0,6008;0
0,0402506;0,60148;0
0,0403006;0,6018;0
0,0403506;0,60248;0
0,0404006;0,6028;0
0,0404507;0,60348;0
0,0405006;0,6038;0
0,0405506;0,60448;0
0,0406006;0,6048;0
0,0406507;0,60548;0
0,0407007;0,6058;0
0,0407507;0,60648;0
0,0408007;0,60688;0
0,0408507;0,607488;0
0,040007;0,60788;0
0,040507;0,608488;0
0,0410007;0,60888;0
0,0410507;0,60488;0
0,0411007;0,6088;0
0,0411507;0,610488;0
0,0412007;0,61088;0
0,0412507;0,611488;0
0,0413007;0,61188;0
0,0413507;0,612488;0
0,0414007;0,61288;0
0,0414507;0,613488;0
0,0415007;0,61388;0
0,0415507;0,614488;0
0,0416007;0,61488;0
0,0416507;0,615488;0
0,0417007;0,61587;0
0,0417507;0,616487;0
0,0418007;0,61687;0
0,0418507;0,617487;0
0,041007;0,61787;0
0,041507;0,618487;0
0,0420007;0,61887;0
0,0420507;0,61487;0
0,0421007;0,6187;0
0,0421507;0,620487;0
0,0422007;0,62087;0
0,0422507;0,621487;0
0,0423007;0,62187;0
0,0423507;0,622487;0
0,0424007;0,62287;0
0,0424507;0,623487;0
0,0425007;0,62387;0
0,0425507;0,624487;0
0,0426007;0,62486;0
0,0426507;0,625486;0
0,0427007;0,62586;0
0,0427507;0,626486;0
0,0428007;0,62686;0
0,0428507;0,627486;0
0,042007;0,62786;0
0,042507;0,628486;0
0,0430007;0,62886;0
0,0430507;0,62486;0
0,0431007;0,6286;0
0,0431507;0,630486;0
0,0432007;0,63086;0
0,0432507;0,631486;0
0,0433007;0,63186;0
0,0433507;0,632486;0
0,0434007;0,63286;0
0,0434507;0,633486;0
0,0435007;0,63385;0
0,0435507;0,634485;0
0,0436007;0,63485;0
0,0436507;0,635485;0
0,0437007;0,63585;0
0,0437507;0,636485;0
0,0438007;0,63685;0
0,0438507;0,637485;0
0,043007;0,63785;0
0,043507;0,638485;0
0,0440008;0,63885;0
0,0440508;0,63485;0
0,0441008;0,6385;0
0,0441507;0,640485;0
0,0442008;0,64085;0
0,0442508;0,641485;0
0,0443008;0,64185;0
0,0443508;0,642485;0
0,0444008;0,64284;0
0,0444508;0,643484;0
0,0445008;0,64384;0
0,0445508;0,644484;0
0,0446008;0,64484;0
0,0446508;0,645484;0
0,0447008;0,64584;0
0,0447508;0,646484;0
0,0448008;0,64684;0
0,0448508;0,647484;0
0,044008;0,64784;0
0,044508;0,648484;0
0,0450008;0,64884;0
0,0450508;0,64484;0
0,0451008;0,6484;0
0,0451508;0,650484;0
0,0452008;0,65084;0
0,0452508;0,651484;0
0,0453008;0,65183;0
0,0453508;0,652483;0
0,0454008;0,65283;0
0,0454508;0,653483;0
0,0455008;0,65383;0
0,0455508;0,654483;0
0,0456008;0,65483;0
0,0456508;0,655483;0
0,0457008;0,65583;0
0,0457508;0,656483;0
0,0458008;0,65683;0
0,0458508;0,657483;0
0,045008;0,65783;0
0,045508;0,658483;0
0,0460008;0,65883;0
0,0460508;0,65483;0
0,0461008;0,6583;0
0,0461508;0,660483;0
0,0462008;0,66082;0
0,0462508;0,661482;0
0,0463008;0,66182;0
0,0463508;0,662482;0
0,0464008;0,66282;0
0,0464508;0,663482;0
0,0465008;0,66382;0
0,0465508;0,664482;0
0,0466008;0,66482;0
0,0466508;0,665482;0
0,0467008;0,66582;0
0,0467508;0,666482;0
0,0468008;0,66682;0
0,0468508;0,667482;0
0,046008;0,66782;0
0,046508;0,668482;0
0,0470008;0,66882;0
0,0470508;0,66482;0
0,0471008;0,6681;0
0,0471508;0,670481;0
0,0472008;0,67081;0
0,0472508;0,671481;0
0,0473008;0,67181;0
0,0473508;0,672481;0
0,0474008;0,67281;0
0,0474508;0,673481;0
0,0475008;0,67381;0
0,047550;0,674481;0
0,047600;0,67481;0
0,047650;0,675481;0
0,047700;0,67581;0
0,047750;0,676481;0
0,047800;0,67681;0
0,047850;0,677481;0
0,04700;0,67781;0
0,04750;0,678481;0
0,048000;0,6788;0
0,048050;0,6748;0
0,048100;0,678;0
0,048150;0,68048;0
0,048200;0,6808;0
0,048250;0,68148;0
0,048300;0,6818;0
0,048350;0,68248;0
0,048400;0,6828;0
0,048450;0,68348;0
0,048500;0,6838;0
0,048550;0,68448;0
0,048600;0,6848;0
0,048650;0,68548;0
0,048700;0,6858;0
0,048750;0,68648;0
0,048800;0,6868;0
0,048850;0,68748;0
0,04800;0,6878;0
0,04850;0,68847;0
0,04000;0,6887;0
0,04050;0,6847;0
0,04100;0,687;0
0,04150;0,6047;0
0,04200;0,607;0
0,04250;0,6147;0
0,04300;0,617;0
0,04350;0,6247;0
0,04400;0,627;0
0,04450;0,6347;0
0,04500;0,637;0
0,04550;0,6447;0
0,04600;0,647;0
0,04650;0,6547;0
0,04700;0,657;0
0,04750;0,6647;0
0,04800;0,667;0
0,04850;0,6747;0
0,0400;0,6778;0
0,0450;0,68478;0
0,050000;0,6878;0
0,050050;0,6478;0
0,050100;0,678;0,1
0,050150;0,700478;0,1
0,050200;0,70078;0,1
0,050250;0,701478;0,1
0,050300;0,70178;0,1
0,050350;0,702478;0,1
0,050400;0,70278;0,1
0,050450;0,703478;0,1
0,050500;0,70378;0,1
0,050550;0,704478;0,1
0,050600;0,70478;0,1
0,050650;0,705478;0,1
0,050700;0,70578;0,1
0,050750;0,706478;0,1
0,050800;0,70677;0,1
0,050850;0,707477;0,1
0,05000;0,70777;0,1
0,05051;0,708477;0,1
0,051001;0,70877;0,1
0,051050;0,70477;0,1
0,051101;0,7077;0,1
0,051151;0,710477;0,1
0,051201;0,71077;0,1
0,051251;0,711477;0,1
0,051301;0,71177;0,1
0,051351;0,712477;0,1
0,051401;0,71277;0,1
0,051451;0,713477;0,1
0,051501;0,71377;0,1
0,051551;0,714477;0,1
0,051601;0,71477;0,1
0,051651;0,715477;0,1
0,051701;0,71576;0,1
0,051751;0,716476;0,1
0,051801;0,71676;0,1
0,051851;0,717476;0,1
0,05101;0,71776;0,1
0,05151;0,718476;0,1
0,052001;0,71876;0,1
0,052051;0,71476;0,1
0,052101;0,7176;0,1
0,052151;0,720476;0,1
0,052201;0,72076;0,1
0,052251;0,721476;0,1
0,052301;0,72176;0,1
0,052351;0,722476;0,1
0,052401;0,72276;0,1
0,052451;0,723476;0,1
0,052501;0,72376;0,1
0,052551;0,724476;0,1
0,052601;0,72475;0,1
0,052651;0,725475;0,1
0,052701;0,72575;0,1
0,052751;0,726475;0,1
0,052801;0,72675;0,1
0,052851;0,727475;0,1
0,05201;0,72775;0,1
0,05251;0,728475;0,1
0,053001;0,72875;0,1
0,053051;0,72475;0,1
0,053101;0,7275;0,1
0,053151;0,730475;0,1
0,053201;0,73075;0,1
0,053251;0,731475;0,1
0,053301;0,73175;0,1
0,053351;0,732475;0,1
0,053401;0,73275;0,1
0,053451;0,733475;0,1
0,053501;0,73374;0,1
0,053551;0,734474;0,1
0,053601;0,73474;0,1
0,053651;0,735474;0,1
0,053701;0,73574;0,1
0,053751;0,736474;0,1
0,053801;0,73674;0,1
0,053851;0,737474;0,1
0,05301;0,73774;0,1
0,05351;0,738474;0,1
0,054001;0,73874;0,1
0,054051;0,73474;0,1
0,054101;0,7374;0,1
0,054151;0,740474;0,1
0,054201;0,74074;0,1
0,054251;0,741474;0,1
0,054301;0,74174;0,1
0,054351;0,742474;0,1
0,054401;0,74273;0,1
0,054451;0,743473;0,1
0,0545011;0,74373;0,1
0,0545511;0,744473;0,1
0,0546011;0,74473;0,1
0,054651;0,745473;0,1
0,0547011;0,74573;0,1
0,0547511;0,746473;0,1
0,0548011;0,74673;0,1
0,0548511;0,747473;0,1
0,054011;0,74773;0,1
0,054511;0,748473;0,1
0,0550011;0,74873;0,1
0,0550511;0,74473;0,1
0,0551011;0,7473;0,1
0,0551511;0,750473;0,1
0,0552011;0,75073;0,1
0,0552511;0,751473;0,1
0,0553011;0,75172;0,1
0,0553511;0,752472;0,1
0,0554011;0,75272;0,1
0,0554511;0,753472;0,1
0,0555011;0,75372;0,1
0,0555511;0,754472;0,1
0,0556011;0,75472;0,1
0,0556511;0,755472;0,1
0,0557011;0,75572;0,1
0,0557511;0,756472;0,1
0,0558011;0,75672;0,1
0,0558511;0,757472;0,1
0,055011;0,75772;0,1
0,055511;0,758472;0,1
0,0560011;0,75872;0,1
0,0560511;0,75472;0,1
0,0561011;0,7572;0,1
0,0561511;0,760472;0,1
0,0562011;0,76071;0,1
0,0562511;0,761471;0,1
0,0563011;0,76171;0,1
0,0563511;0,762471;0,1
0,0564011;0,76271;0,1
0,0564511;0,763471;0,1
0,0565011;0,76371;0,1
0,0565511;0,764471;0,1
0,0566011;0,76471;0,1
0,0566511;0,765471;0,1
0,0567011;0,76571;0,1
0,0567511;0,766471;0,1
0,0568011;0,76671;0,1
0,0568511;0,767471;0,1
0,056011;0,76771;0,1
0,056511;0,768471;0,1
0,0570011;0,76871;0,1
0,0570511;0,76471;0,1
0,0571011;0,767;0,1
0,0571511;0,77047;0,1
0,0572011;0,7707;0,1
0,0572511;0,77147;0,1
0,0573011;0,7717;0,1
0,0573511;0,77247;0,1
0,0574011;0,7727;0,1
0,0574511;0,77347;0,1
0,0575011;0,7737;0,1
0,0575511;0,77447;0,1
0,0576011;0,7747;0,1
0,0576511;0,77547;0,1
0,0577011;0,7757;0,1
0,0577511;0,77647;0,1
0,0578011;0,7767;0,1
0,0578511;0,77747;0,1
0,057011;0,7777;0,1
0,057511;0,77847;0,1
0,0580011;0,7786;0,1
0,0580512;0,7746;0,1
0,0581012;0,776;0,1
0,0581512;0,78046;0,1
0,0582012;0,7806;0,1
0,0582512;0,78146;0,1
0,0583012;0,7816;0,1
0,0583512;0,78246;0,1
0,0584012;0,7826;0,1
0,0584512;0,78346;0,1
0,0585012;0,7836;0,1
0,0585512;0,78446;0,1
0,0586012;0,7846;0,1
0,0586512;0,78546;0,1
0,0587012;0,7856;0,1
0,0587512;0,78646;0,1
0,0588012;0,7866;0,1
0,0588512;0,78746;0,1
0,058012;0,78768;0,1
0,058512;0,788468;0,1
0,050012;0,78868;0,1
0,050512;0,78468;0,1
0,051012;0,7868;0,1
0,051512;0,70468;0,1
0,052012;0,7068;0,1
0,052512;0,71468;0,1
0,053012;0,7168;0,1
0,053512;0,72468;0,1
0,054012;0,7268;0,1
0,054512;0,73468;0,1
0,055012;0,7368;0,1
0,055512;0,74468;0,1
0,056012;0,7468;0,1
0,056512;0,75468;0,1
0,057012;0,7568;0,1
0,057512;0,76468;0,1
0,058012;0,7668;0,1
0,058512;0,77467;0,1
0,05012;0,7767;0,1
0,05512;0,78467;0,1
0,0600012;0,7867;0,1
0,0600512;0,7467;0,1
0,0601012;0,767;0,1
0,0601512;0,800467;0,1
0,0602012;0,80067;0,1
0,0602512;0,801467;0,1
0,0603012;0,80167;0,1
0,0603512;0,802467;0,1
0,0604012;0,80267;0,1
0,0604512;0,803467;0,1
0,0605012;0,80367;0,1
0,0605512;0,804467;0,1
0,0606012;0,80467;0,1
0,0606512;0,805467;0,1
0,0607012;0,80567;0,1
0,0607512;0,806466;0,1
0,0608012;0,80666;0,1
0,0608512;0,807466;0,1
0,060012;0,80766;0,1
0,060512;0,808466;0,1
0,0610012;0,80866;0,1
0,0610512;0,80466;0,1
0,0611012;0,8066;0,1
0,0611512;0,810466;0,1
0,0612012;0,81066;0,1
0,0612512;0,811466;0,1
0,0613012;0,81166;0,1
0,0613512;0,812466;0,1
0,0614012;0,81266;0,1
0,0614513;0,813466;0,1
0,0615013;0,81366;0,1
0,0615512;0,814466;0,1
0,0616013;0,81465;0,1
0,0616513;0,815466;0,1
0,0617013;0,81565;0,1
0,0617513;0,816465;0,1
0,0618013;0,81665;0,1
0,0618513;0,817465;0,1
0,061013;0,81765;0,1
0,061513;0,818465;0,1
0,0620013;0,81865;0,1
0,0620513;0,81465;0,1
0,0621013;0,8165;0,1
0,0621513;0,820465;0,1
0,0622013;0,82065;0,1
0,0622513;0,821465;0,1
0,0623013;0,82165;0,1
0,0623513;0,822465;0,1
0,0624013;0,82265;0,1
0,0624513;0,823465;0,1
0,0625013;0,82365;0,1
0,0625513;0,824464;0,1
0,0626013;0,82464;0,1
0,0626513;0,825464;0,1
0,0627013;0,82564;0,1
0,0627513;0,826464;0,1
0,0628012;0,82664;0,1
0,0628512;0,827464;0,1
0,062012;0,82764;0,1
0,062512;0,828464;0,1
0,0630012;0,82864;0,1
0,0630512;0,82464;0,1
0,0631012;0,8264;0,1
0,0631512;0,830464;0,1
0,0632012;0,83064;0,1
0,0632512;0,831464;0,1
0,0633012;0,83164;0,1
0,0633512;0,832464;0,1
0,0634012;0,83263;0,1
0,0634512;0,833464;0,1
0,0635012;0,83363;0,1
0,0635512;0,834463;0,1
0,0636012;0,83463;0,1
0,0636512;0,835463;0,1
0,0637012;0,83563;0,1
0,0637511;0,836463;0,1
0,0638011;0,83663;0,1
0,0638511;0,837463;0,1
0,063011;0,83763;0,1
0,063511;0,838463;0,1
0,0640011;0,83863;0,1
0,0640511;0,83463;0,1
0,0641011;0,8363;0,1
0,0641511;0,840463;0,1
0,0642011;0,84063;0,1
0,0642511;0,841463;0,1
0,0643011;0,84163;0,1
0,0643511;0,842462;0,1
0,0644011;0,84262;0,1
0,0644511;0,843462;0,1
0,0645011;0,84362;0,1
0,0645511;0,844462;0,1
0,0646011;0,84462;0,1
0,064651;0,845462;0,1
0,064701;0,84562;0,1
0,064751;0,846462;0,1
0,064801;0,84662;0,1
0,064851;0,847462;0,1
0,06401;0,84762;0,1
0,06451;0,848462;0,1
0,065001;0,84862;0,1
0,065051;0,84462;0,1
0,065101;0,8462;0,1
0,065151;0,850462;0,1
0,065201;0,85061;0,1
0,065251;0,851462;0,1
0,065301;0,85161;0,1
0,065351;0,852461;0,1
0,065401;0,85261;0,1
0,065451;0,853461;0,1
0,065501;0,85361;0,1
0,065550;0,854461;0,1
0,065600;0,85461;0,1
0,065650;0,855461;0,1
0,065700;0,85561;0,1
0,065750;0,856461;0,1
0,065800;0,85661;0,1
0,065850;0,857461;0,1
0,06500;0,85761;0,1
0,06550;0,858461;0,1
0,066000;0,85861;0,1
0,066050;0,85461;0,1
0,066100;0,8561;0,1
0,066150;0,86046;0,1
0,066200;0,8606;0,1
0,066250;0,86146;0,1
0,066300;0,8616;0,1
0,066350;0,86246;0,1
0,066400;0,8626;0,1
0,0664508;0,86346;0,1
0,0665008;0,8636;0,1
0,0665508;0,86446;0,1
0,0666008;0,8646;0,1
0,0666508;0,86546;0,1
0,0667008;0,8656;0,1
0,0667508;0,86646;0,1
0,0668008;0,8666;0,1
0,0668508;0,86746;0,1
0,066008;0,8676;0,1
0,066508;0,86846;0,1
0,0670008;0,8685;0,1
0,0670508;0,8646;0,1
0,0671008;0,865;0,1
0,0671508;0,87045;0,1
0,0672008;0,8705;0,1
0,0672508;0,87145;0,1
0,0673008;0,8715;0,1
0,0673507;0,87245;0,1
0,0674007;0,8725;0,1
0,0674507;0,87345;0,1
0,0675007;0,8735;0,1
0,0675507;0,87445;0,1
0,0676007;0,8745;0,1
0,0676507;0,87545;0,1
0,0677007;0,8755;0,1
0,0677507;0,87645;0,1
0,0678007;0,8765;0,1
0,0678507;0,87745;0,1
0,067007;0,8775;0,1
0,067507;0,878458;0,1
0,0680007;0,87858;0,1
0,0680507;0,87458;0,1
0,0681007;0,8758;0,1
0,0681507;0,880458;0,1
0,0682007;0,88058;0,1
0,0682506;0,881458;0,1
0,0683006;0,88158;0,1
0,0683506;0,882458;0,1
0,0684006;0,88258;0,1
0,0684506;0,883458;0,1
0,0685006;0,88358;0,1
0,0685506;0,884458;0,1
0,0686006;0,88458;0,1
0,0686506;0,885458;0,1
0,0687006;0,88558;0,1
0,0687506;0,886458;0,1
0,0688006;0,88657;0,1
0,0688506;0,887458;0,1
0,068006;0,88757;0,1
0,068506;0,888457;0,1
0,060006;0,88857;0,1
0,060506;0,88457;0,1
0,061006;0,8857;0,1
0,061505;0,80457;0,1
0,062005;0,8057;0,1
0,062505;0,81457;0,1
0,063005;0,8157;0,1
0,063505;0,82457;0,1
0,064005;0,8257;0,1
0,064505;0,83457;0,1
0,065005;0,8357;0,1
0,065505;0,84457;0,1
0,066005;0,8457;0,1
0,066505;0,85457;0,1
0,067005;0,8557;0,1
0,067505;0,86456;0,1
0,068005;0,8656;0,1
0,068505;0,87456;0,1
0,06005;0,8756;0,1
0,06505;0,88456;0,1
0,0700005;0,8856;0,1
0,0700504;0,8456;0,1
0,0701004;0,856;0,1
0,0701504;0,00456;0,1
0,0702004;0,0056;0,1
0,0702504;0,01456;0,1
0,0703004;0,0156;0,1
0,0703504;0,02456;0,1
0,0704004;0,0256;0,1
0,0704504;0,03456;0,1
0,0705004;0,0356;0,1
0,0705504;0,04456;0,1
0,0706004;0,0456;0,1
0,0706504;0,05456;0,1
0,0707004;0,0555;0,1
0,0707504;0,06455;0,1
0,0708004;0,0655;0,1
0,0708504;0,07455;0,1
0,070004;0,0755;0,1
0,070503;0,08455;0,1
0,0710003;0,0855;0,1
0,0710503;0,0455;0,1
0,0711003;0,055;0,1
0,0711503;0,10455;0,1
0,0712003;0,1055;0,1
0,0712503;0,11455;0,1
0,0713003;0,1155;0,1
0,0713503;0,12455;0,1
0,0714003;0,1255;0,1
0,0714503;0,13455;0,1
0,0715003;0,1355;0,1
0,0715503;0,14455;0,1
0,0716003;0,1454;0,1
0,0716503;0,15454;0,1
0,0717003;0,1554;0,1
0,0717503;0,16454;0,1
0,0718003;0,1654;0,1
0,0718502;0,17454;0,1
0,071002;0,1754;0,1
0,071502;0,18454;0,1
0,0720002;0,1854;0,1
0,0720502;0,1454;0,1
0,0721002;0,154;0,1
0,0721502;0,20454;0,1
0,0722002;0,2054;0,1
0,0722502;0,21454;0,1
0,0723002;0,2154;0,1
0,0723502;0,22454;0,1
0,0724002;0,2254;0,1
0,0724502;0,23454;0,1
0,0725002;0,2354;0,1
0,0725502;0,24453;0,1
0,0726002;0,2453;0,1
0,0726502;0,25453;0,1
0,0727002;0,2553;0,1
0,0727501;0,26453;0,1
0,0728001;0,2653;0,1
0,0728501;0,27453;0,1
0,072001;0,2753;0,1
0,072501;0,28453;0,1
0,0730001;0,2853;0,1
0,0730501;0,2453;0,1
0,0731001;0,253;0,1
0,0731501;0,30453;0,1
0,0732001;0,3053;0,1
0,0732501;0,31453;0,1
0,0733001;0,3153;0,1
0,0733501;0,32453;0,1
0,0734001;0,3252;0,1
0,0734501;0,33453;0,1
0,0735001;0,3352;0,1
0,0735501;0,34452;0,1
0,0736001;0,3452;0,1
0,07365;0,35452;0,1
0,0737;0,3552;0,1
0,07375;0,36452;0,1
0,0738;0,3652;0,1
0,07385;0,37452;0,1
0,073;0,3752;0,1
0,0735;0,38452;0,1
0,074;0,3852;0,1
0,07405;0,3452;0,1
0,0741;0,352;0,1
0,07415;0,40452;0,1
0,0742;0,4052;0,1
0,07425;0,41452;0,1
0,0743;0,4152;0,1
0,07435;0,42451;0,1
0,0744;0,4251;0,1
0,07445;0,43451;0,1
0,0745;0,4351;0,1
0,07455;0,44451;0,1
0,0745;0,4451;0,1
0,07464;0,45451;0,1
0,0746;0,4551;0,1
0,07474;0,46451;0,1
0,0747;0,4651;0,1
0,07484;0,47451;0,1
0,0748;0,4751;0,1
0,0744;0,48451;0,1
0,074;0,4851;0,1
0,07504;0,4451;0,1
0,0750;0,451;0,1
0,07514;0,50451;0,1
0,0751;0,505;0,1
0,07524;0,51451;0,1
0,0752;0,515;0,1
0,07534;0,5245;0,1
0,0753;0,525;0,1
0,07544;0,5345;0,1
0,0754;0,535;0,1
0,075548;0,5445;0,1
0,07558;0,545;0,1
0,075648;0,5545;0,1
0,07568;0,555;0,1
0,075748;0,5645;0,1
0,07578;0,565;0,1
0,075848;0,5745;0,1
0,07588;0,575;0,1
0,07548;0,5845;0,1
0,0758;0,585;0,1
0,076048;0,545;0,1
0,07608;0,55;0,1
0,076148;0,6044;0,1
0,07618;0,604;0,1
0,076248;0,6144;0,1
0,07628;0,614;0,1
0,076348;0,6244;0,1
0,07638;0,624;0,1
0,076447;0,6344;0,1
0,07647;0,634;0,1
0,076547;0,6444;0,1
0,07657;0,644;0,1
0,076647;0,6544;0,1
0,07667;0,654;0,1
0,076747;0,6644;0,1
0,07677;0,664;0,1
0,076847;0,6744;0,1
0,07687;0,674;0,1
0,07647;0,6844;0,1
0,0767;0,6848;0,1
0,077047;0,644;0,1
0,07707;0,648;0,1
0,077147;0,70448;0,1
0,07717;0,7048;0,1
0,077247;0,71448;0,1
0,07727;0,7148;0,1
0,077346;0,72448;0,1
0,07736;0,7248;0,1
0,077446;0,73448;0,1
0,07746;0,7348;0,1
0,077546;0,74448;0,1
0,07756;0,7448;0,1
0,077646;0,75448;0,1
0,07766;0,7548;0,1
0,077746;0,76448;0,1
0,07776;0,7648;0,1
0,077846;0,77448;0,1
0,07786;0,7748;0,1
0,07746;0,78447;0,1
0,0776;0,7847;0,1
0,078046;0,7447;0,1
0,07806;0,747;0,1
0,078146;0,80447;0,1
0,07816;0,8047;0,1
0,078245;0,81447;0,1
0,07825;0,8147;0,1
0,078345;0,82447;0,1
0,07835;0,8247;0,1
0,078445;0,83447;0,1
0,07845;0,8347;0,1
0,078545;0,84447;0,1
0,07855;0,8447;0,1
0,078645;0,85447;0,1
0,07865;0,8547;0,1
0,078745;0,86447;0,1
0,07875;0,8646;0,1
0,078845;0,87447;0,1
0,07885;0,8746;0,1
0,07845;0,88446;0,1
0,0785;0,8846;0,1
0,07045;0,8446;0,1
0,0705;0,846;0,1
0,07144;0,0446;0,1
0,0714;0,046;0,1
0,07244;0,1446;0,1
0,0724;0,146;0,1
0,07344;0,2446;0,1
0,0734;0,246;0,1
0,07444;0,3446;0,1
0,0744;0,346;0,1
0,07544;0,4446;0,1
0,0754;0,446;0,1
0,07644;0,5446;0,1
0,0764;0,546;0,1
0,07744;0,6445;0,1
0,0774;0,645;0,1
0,07844;0,7445;0,1
0,0784;0,745;0,1
0,0744;0,8445;0,1
0,074;0,845;0,1
0,080044;0,445;0,1
0,08003;0,45;0,1
0,080143;1,00045;0,1
0,08013;1,0005;0,1
0,080243;1,00145;0,1
0,08023;1,0015;0,1
0,080343;1,00244;0,1
0,08033;1,0024;0,1
0,080443;1,00344;0,1
0,08043;1,0034;0,1
0,080543;1,00444;0,1
0,08053;1,0044;0,1
0,080643;1,00544;0,1
0,08063;1,0054;0,1
0,080743;1,00644;0,1
0,08073;1,0064;0,1
0,080843;1,00744;0,1
0,08083;1,0074;0,1
0,08042;1,00844;0,1
0,0802;1,0084;0,1
0,081042;1,0044;0,1
0,08102;1,004;0,1
0,081142;1,01044;0,1
0,08112;1,0104;0,1
0,081242;1,01144;0,1
0,08122;1,0114;0,1
0,081342;1,01244;0,1
0,08132;1,0124;0,1
0,081442;1,01344;0,1
0,08142;1,0134;0,1
0,081542;1,01444;0,1
0,08152;1,0144;0,1
0,081642;1,01544;0,1
0,08162;1,0154;0,1
0,081742;1,01644;0,1
0,08171;1,0164;0,1
0,081842;1,01744;0,1
0,08181;1,0174;0,1
0,08141;1,01844;0,1
0,0811;1,0184;0,1
0,082041;1,0144;0,1
0,08201;1,014;0,1
0,082141;1,02044;0,1
0,08211;1,0204;0,1
0,082241;1,02144;0,1
0,08221;1,0214;0,1
0,082341;1,02244;0,1
0,08231;1,0224;0,1
0,082441;1,02344;0,1
0,08241;1,0234;0,1
0,082541;1,02444;0,1
0,08251;1,0244;0,1
0,082641;1,02544;0,1
0,08261;1,0254;0,1
0,08274;1,02644;0,1
0,0827;1,0264;0,1
0,08284;1,02744;0,1
0,0828;1,0274;0,1
0,0824;1,02844;0,1
0,082;1,0284;0,1
0,08304;1,0244;0,1
0,0830;1,024;0,1
0,08314;1,03044;0,1
0,0831;1,0304;0,1
0,08324;1,03144;0,1
0,0832;1,0314;0,1
0,08334;1,03244;0,1
0,0833;1,0324;0,1
0,08344;1,03344;0,1
0,0834;1,0334;0,1
0,08354;1,03444;0,1
0,08358;1,0344;0,1
0,08364;1,03544;0,1
0,08368;1,0354;0,1
0,083748;1,03644;0,1
0,08378;1,0364;0,1
0,083848;1,03744;0,1
0,08388;1,0374;0,1
0,08348;1,03844;0,1
0,0838;1,0384;0,1
0,084048;1,0344;0,1
0,08408;1,034;0,1
0,084148;1,04044;0,1
0,08418;1,0404;0,1
0,084248;1,04144;0,1
0,08428;1,0414;0,1
0,084348;1,04244;0,1
0,08438;1,0424;0,1
0,084448;1,04344;0,1
0,08448;1,0434;0,1
0,0845488;1,04444;0,1
0,084588;1,0444;0,1
0,0846488;1,04544;0,1
0,084688;1,0454;0,1
0,0847488;1,04644;0,1
0,084788;1,0464;0,1
0,0848488;1,04744;0,1
0,084888;1,0474;0,1
0,084488;1,04844;0,1
0,08488;1,0484;0,1
0,0850488;1,0444;0,1
0,085088;1,044;0,1
0,0851488;1,05044;0,1
0,085188;1,0504;0,1
0,0852488;1,05144;0,1
0,085288;1,0514;0,1
0,0853488;1,05244;0,1
0,085388;1,0524;0,1
0,0854488;1,05344;0,1
0,085487;1,0534;0,1
0,0855487;1,05444;0,1
0,085587;1,0544;0,1
0,0856487;1,05544;0,1
0,085687;1,0554;0,1
0,0857487;1,05644;0,1
0,085787;1,0564;0,1
0,0858487;1,05744;0,1
0,085887;1,0574;0,1
0,085487;1,05844;0,1
0,08587;1,0584;0,1
0,0860487;1,0544;0,1
0,086087;1,054;0,1
0,0861487;1,06044;0,1
0,086187;1,0604;0,1
0,0862487;1,06144;0,1
0,086287;1,0614;0,1
0,0863487;1,06244;0,1
0,086386;1,0624;0,1
0,0864486;1,06344;0,1
0,086486;1,0634;0,1
0,0865486;1,06444;0,1
0,086586;1,0644;0,1
0,0866486;1,06544;0,1
0,086686;1,0654;0,1
0,0867486;1,06644;0,1
0,086786;1,0664;0,1
0,0868486;1,06744;0,1
0,086886;1,0674;0,1
0,086486;1,06844;0,1
0,08686;1,0684;0,1
0,0870486;1,0644;0,1
0,087086;1,064;0,1
0,0871486;1,07044;0,1
0,087186;1,0704;0,1
0,0872486;1,07144;0,1
0,087286;1,0714;0,1
0,0873485;1,07244;0,1
0,087385;1,0724;0,1
0,0874485;1,07344;0,1
0,087485;1,0734;0,1
0,0875485;1,07444;0,1
0,087585;1,0744;0,1
0,0876485;1,07544;0,1
0,087685;1,0754;0,1
0,0877485;1,07644;0,1
0,087785;1,0764;0,1
0,0878485;1,07744;0,1
0,087885;1,0774;0,1
0,087485;1,07844;0,1
0,08785;1,0784;0,1
0,0880485;1,0744;0,1
0,088085;1,074;0,1
0,0881485;1,08044;0,1
0,088184;1,0804;0,1
0,0882485;1,08144;0,1
0,088284;1,0814;0,1
0,0883484;1,08244;0,1
0,088384;1,0824;0,1
0,0884484;1,08344;0,1
0,088484;1,0834;0,1
0,0885484;1,08444;0,1
0,088584;1,0844;0,1
0,0886484;1,08544;0,1
0,088684;1,0854;0,1
0,0887484;1,08644;0,1
0,088784;1,0864;0,1
0,0888484;1,08744;0,1
0,088884;1,0874;0,1
0,088484;1,08844;0,1
0,08884;1,0884;0,1
0,080484;1,0844;0,1
0,08084;1,084;0,1
0,081483;1,0044;0,1
0,08183;1,004;0,1
0,082483;1,0144;0,1
0,08283;1,014;0,1
0,083483;1,0244;0,1
0,08383;1,024;0,1
0,084483;1,0343;0,1
0,08483;1,033;0,1
0,085483;1,0443;0,1
0,08583;1,043;0,1
0,086483;1,0543;0,1
0,08683;1,053;0,1
0,087483;1,0643;0,1
0,08783;1,063;0,1
0,088483;1,0743;0,1
0,08883;1,073;0,1
0,08483;1,0843;0,1
0,0882;1,083;0,1
0,000483;1,043;0,1
0,00082;1,03;0,1
0,001482;1,10043;0,1
0,00182;1,1003;0,1
0,002482;1,10143;0,1
0,00282;1,1013;0,1
0,003482;1,10243;0,1
0,00382;1,1023;0,1
0,004482;1,10343;0,1
0,00482;1,1033;0,1
0,005482;1,10443;0,1
0,00582;1,1043;0,1
0,006482;1,10543;0,1
0,00682;1,1053;0,1
0,007482;1,10643;0,1
0,00782;1,1063;0,1
0,008482;1,10743;0,1
0,00882;1,1073;0,1
0,00481;1,10843;0,1
0,0081;1,1083;0,1
0,010481;1,1043;0,1
0,01081;1,103;0,1
0,011481;1,11043;0,1
0,01181;1,1103;0,1
0,012481;1,11143;0,1
0,01281;1,1113;0,1
0,013481;1,11243;0,1
0,01381;1,1123;0,1
0,014481;1,11343;0,1
0,01481;1,1133;0,1
0,015481;1,11443;0,1
0,01581;1,1143;0,1
0,016481;1,11543;0,1
0,01681;1,1153;0,1
0,017481;1,11643;0,1
0,0178;1,1163;0,1
0,018481;1,11743;0,1
0,0188;1,1173;0,1
0,0148;1,11843;0,1
0,018;1,1183;0,1
0,02048;1,1143;0,1
0,0208;1,113;0,1
0,02148;1,12043;0,1
0,0218;1,1203;0,1
0,02248;1,12143;0,1
0,0228;1,1213;0,1
0,02348;1,12243;0,1
0,0238;1,1223;0,1
0,02448;1,12343;0,1
0,0248;1,1233;0,1
0,02548;1,12443;0,1
0,0258;1,1243;0,1
0,02648;1,12543;0,1
0,0268;1,1253;0,1
0,02747;1,12643;0,1
0,0277;1,1263;0,1
0,02847;1,12743;0,1
0,0287;1,1273;0,1
0,0247;1,12843;0,1
0,027;1,1283;0,1
0,03047;1,1243;0,1
0,0307;1,123;0,1
0,03147;1,13043;0,1
0,0317;1,1303;0,1
0,03247;1,13143;0,1
0,0327;1,1313;0,1
0,03347;1,13243;0,1
0,0337;1,1323;0,1
0,03447;1,13343;0,1
0,0347;1,1333;0,1
0,03547;1,13443;0,1
0,03578;1,1343;0,1
0,03647;1,13543;0,1
0,03678;1,1353;0,1
0,037478;1,13643;0,1
0,03778;1,1363;0,1
0,038478;1,13743;0,1
0,03878;1,1373;0,1
0,03478;1,13843;0,1
0,0378;1,1383;0,1
0,040478;1,1343;0,1
0,04078;1,133;0,1
0,041478;1,14043;0,1
0,04178;1,1403;0,1
0,042478;1,14143;0,1
0,04278;1,1413;0,1
0,043478;1,14243;0,1
0,04378;1,1423;0,1
0,044478;1,14343;0,1
0,04478;1,1433;0,1
0,045477;1,14443;0,1
0,04577;1,1443;0,1
0,046477;1,14543;0,1
0,04677;1,1453;0,1
0,047477;1,14643;0,1
0,04777;1,1463;0,1
0,048477;1,14743;0,1
0,04877;1,1473;0,1
0,04477;1,14843;0,1
0,0477;1,1483;0,1
0,050477;1,1443;0,1
0,05077;1,143;0,1
0,051477;1,15043;0,1
0,05177;1,1503;0,1
0,052477;1,15143;0,1
0,05277;1,1513;0,1
0,053477;1,15243;0,1
0,05376;1,1523;0,1
0,054477;1,15343;0,1
0,05476;1,1533;0,1
0,055476;1,15443;0,1
0,05576;1,1543;0,1
0,056476;1,15543;0,1
0,05676;1,1553;0,1
0,057476;1,15643;0,1
0,05776;1,1563;0,1
0,058476;1,15743;0,1
0,05876;1,1573;0,1
0,05476;1,15843;0,1
0,0576;1,1583;0,1
0,060476;1,1543;0,1
0,06076;1,153;0,1
0,061476;1,16043;0,1
0,06176;1,1603;0,1
0,062476;1,16143;0,1
0,06276;1,1613;0,1
0,063475;1,16243;0,1
0,06375;1,1623;0,1
0,064475;1,16343;0,1
0,06475;1,1633;0,1
0,065475;1,16443;0,1
0,06575;1,1643;0,1
0,066475;1,16543;0,1
0,06675;1,1653;0,1
0,067475;1,16643;0,1
0,06775;1,1663;0,1
0,068475;1,16743;0,1
0,06875;1,1673;0,1
0,06475;1,16843;0,1
0,0675;1,1683;0,1
0,070475;1,1643;0,1
0,07075;1,163;0,1
0,071475;1,17043;0,1
0,07175;1,1703;0,1
0,072475;1,17143;0,1
0,07274;1,1713;0,1
0,073474;1,17243;0,1
0,07374;1,1723;0,1
0,074474;1,17343;0,1
0,07474;1,1733;0,1
0,075474;1,17443;0,1
0,07574;1,1743;0,1
0,076474;1,17543;0,1
0,07674;1,1753;0,1
0,077474;1,17643;0,1
0,07774;1,1763;0,1
0,078474;1,17743;0,1
0,07874;1,1773;0,1
0,07474;1,17843;0,1
0,0774;1,1783;0,1
0,080474;1,1743;0,1
0,08074;1,173;0,1
0,081474;1,18043;0,1
0,08173;1,1803;0,1
0,082473;1,18143;0,1
0,08273;1,1813;0,1
0,083473;1,18243;0,1
0,08373;1,1823;0,1
0,084473;1,18343;0,1
0,08473;1,1832;0,1
0,085473;1,18442;0,1
0,08573;1,1842;0,1
0,086473;1,18542;0,1
0,08673;1,1852;0,1
0,087473;1,18642;0,1
0,08773;1,1862;0,1
0,088473;1,18742;0,1
0,08873;1,1872;0,1
0,08473;1,18842;0,1
0,0873;1,1882;0,1
0,00473;1,1842;0,1
0,0073;1,182;0,1
0,01472;1,1042;0,1
0,0172;1,102;0,1
0,02472;1,1142;0,1
0,0272;1,112;0,1
0,03472;1,1242;0,1
0,0372;1,122;0,1
0,04472;1,1342;0,1
0,0472;1,132;0,1
0,05472;1,1442;0,1
0,0572;1,142;0,1
0,06472;1,1542;0,1
0,0672;1,152;0,1
0,07472;1,1642;0,1
0,0772;1,162;0,1
0,08472;1,1742;0,1
0,0872;1,172;0,1
0,0472;1,1842;0,1
0,071;1,182;0,1
0,100047;1,142;0,1
0,10007;1,12;0,2
0,100147;1,20042;0,2
0,10017;1,2002;0,2
0,100247;1,20142;0,2
0,10027;1,2012;0,2
0,100347;1,20242;0,2
0,10037;1,2022;0,2
0,100447;1,20342;0,2
0,10047;1,2032;0,2
0,100547;1,20442;0,2
0,10057;1,2042;0,2
0,100647;1,20542;0,2
0,10067;1,2052;0,2
0,100747;1,20642;0,2
0,10077;1,2062;0,2
0,100847;1,20742;0,2
0,10087;1,2072;0,2
0,10047;1,20842;0,2
0,1007;1,2082;0,2
0,101047;1,2042;0,2
0,10107;1,202;0,2
0,101147;1,21042;0,2
0,10117;1,2102;0,2
0,101247;1,21142;0,2
0,10127;1,2112;0,2
0,101347;1,21242;0,2
0,10137;1,2122;0,2
0,101447;1,21342;0,2
0,10147;1,2132;0,2
0,101547;1,21442;0,2
0,10157;1,2142;0,2
0,101647;1,21542;0,2
0,10167;1,2152;0,2
0,101747;1,21642;0,2
0,10177;1,2162;0,2
0,101847;1,21742;0,2
0,10187;1,2172;0,2
0,10147;1,21842;0,2
0,1017;1,2182;0,2
0,102047;1,2142;0,2
0,10207;1,212;0,2
0,102147;1,22042;0,2
0,10217;1,2202;0,2
0,102247;1,22142;0,2
0,10227;1,2212;0,2
0,102347;1,22242;0,2
0,10237;1,2222;0,2
0,102447;1,22342;0,2
0,10247;1,2232;0,2
0,102547;1,22442;0,2
0,10257;1,2242;0,2
0,102647;1,22542;0,2
0,10267;1,2252;0,2
0,102747;1,22642;0,2
0,10277;1,2262;0,2
0,102847;1,22742;0,2
0,10287;1,2272;0,2
0,10247;1,22842;0,2
0,1027;1,2282;0,2
0,103047;1,2242;0,2
0,10307;1,222;0,2
0,103147;1,23042;0,2
0,10317;1,2302;0,2
0,103247;1,23142;0,2
0,10327;1,2312;0,2
0,103347;1,23242;0,2
0,10337;1,2322;0,2
0,103447;1,23342;0,2
0,10347;1,2332;0,2
0,103547;1,23442;0,2
0,10357;1,2342;0,2
0,103647;1,23542;0,2
0,10367;1,2352;0,2
0,103747;1,23642;0,2
0,10377;1,2362;0,2
0,103847;1,23742;0,2
0,10387;1,2372;0,2
0,10347;1,23842;0,2
0,1037;1,2382;0,2
0,104047;1,2342;0,2
0,10407;1,232;0,2
0,104147;1,24042;0,2
0,10417;1,2402;0,2
0,104247;1,24142;0,2
0,10427;1,2412;0,2
0,104347;1,24242;0,2
0,10437;1,2422;0,2
0,104447;1,24342;0,2
0,10447;1,2432;0,2
0,104547;1,24442;0,2
0,10457;1,2442;0,2
0,104647;1,24542;0,2
0,10467;1,2452;0,2
0,104747;1,24642;0,2
0,10477;1,2462;0,2
0,104847;1,24742;0,2
0,10487;1,2472;0,2
0,10447;1,24842;0,2
0,1047;1,2482;0,2
0,105047;1,2442;0,2
0,10507;1,242;0,2
0,105147;1,25042;0,2
0,10517;1,2502;0,2
0,105247;1,25142;0,2
0,10527;1,2512;0,2
0,105347;1,25242;0,2
0,10537;1,2522;0,2
0,105447;1,25342;0,2
0,10547;1,2532;0,2
0,105547;1,25442;0,2
0,10557;1,2542;0,2
0,105647;1,25542;0,2
0,10567;1,2552;0,2
0,105747;1,25642;0,2
0,10577;1,2562;0,2
0,105847;1,25742;0,2
0,10586;1,2572;0,2
0,10546;1,25842;0,2
0,1056;1,2582;0,2
0,106046;1,2542;0,2
0,10606;1,252;0,2
0,106146;1,26042;0,2
0,10616;1,2602;0,2
0,106246;1,26142;0,2
0,10626;1,2612;0,2
0,106346;1,26242;0,2
0,10636;1,2622;0,2
0,106446;1,26342;0,2
0,10646;1,2632;0,2
0,106546;1,26442;0,2
0,10656;1,2642;0,2
0,106646;1,26542;0,2
0,10666;1,2652;0,2
0,106746;1,26642;0,2
0,10676;1,2662;0,2
0,106846;1,26742;0,2
0,10686;1,2672;0,2
0,10646;1,26842;0,2
0,1066;1,2682;0,2
0,107046;1,2642;0,2
0,10706;1,262;0,2
0,107146;1,27042;0,2
0,10716;1,2702;0,2
0,107246;1,27142;0,2
0,10726;1,2712;0,2
0,107346;1,27242;0,2
0,10736;1,2722;0,2
0,107446;1,27342;0,2
0,10746;1,2732;0,2
0,107546;1,27442;0,2
0,10756;1,2741;0,2
0,107646;1,27541;0,2
0,10766;1,2751;0,2
0,107746;1,27641;0,2
0,10776;1,2761;0,2
0,107846;1,27741;0,2
0,10786;1,2771;0,2
0,10746;1,27841;0,2
0,1076;1,2781;0,2
0,108046;1,2741;0,2
0,10806;1,271;0,2
0,108146;1,28041;0,2
0,10816;1,2801;0,2
0,108246;1,28141;0,2
0,10826;1,2811;0,2
0,108346;1,28241;0,2
0,10836;1,2821;0,2
0,108446;1,28341;0,2
0,10846;1,2831;0,2
0,108546;1,28441;0,2
0,10856;1,2841;0,2
0,108646;1,28541;0,2
0,10866;1,2851;0,2
0,108746;1,28641;0,2
0,10876;1,2861;0,2
0,108846;1,28741;0,2
0,10886;1,2871;0,2
0,10846;1,28841;0,2
0,1086;1,2881;0,2
0,10046;1,2841;0,2
0,1006;1,281;0,2
0,10146;1,2041;0,2
0,1016;1,201;0,2
0,10246;1,2141;0,2
0,1026;1,211;0,2
0,10346;1,2241;0,2
0,1036;1,221;0,2
0,10446;1,2341;0,2
0,1046;1,231;0,2
0,10546;1,2441;0,2
0,1056;1,241;0,2
0,10646;1,2541;0,2
0,1066;1,251;0,2
0,10746;1,2641;0,2
0,1076;1,261;0,2
0,10846;1,2741;0,2
0,1086;1,271;0,2
0,1046;1,2841;0,2
0,106;1,281;0,2
0,110046;1,241;0,2
0,11006;1,21;0,2
0,110146;1,30041;0,2
0,11016;1,3001;0,2
0,110246;1,30141;0,2
0,11026;1,3011;0,2
0,110346;1,30241;0,2
0,11036;1,3021;0,2
0,110446;1,30341;0,2
0,11046;1,3031;0,2
0,110546;1,30441;0,2
0,11056;1,3041;0,2
0,110646;1,30541;0,2
0,11066;1,3051;0,2
0,110746;1,30641;0,2
0,11076;1,3061;0,2
0,110846;1,30741;0,2
0,11086;1,3071;0,2
0,11046;1,30841;0,2
0,1106;1,3081;0,2
0,111046;1,3041;0,2
0,11106;1,301;0,2
0,111146;1,31041;0,2
0,11116;1,3101;0,2
0,111246;1,31141;0,2
0,11126;1,3111;0,2
0,111346;1,31241;0,2
0,11136;1,3121;0,2
0,111446;1,31341;0,2
0,11146;1,3131;0,2
0,111546;1,31441;0,2
0,11156;1,3141;0,2
0,111646;1,31541;0,2
0,11166;1,3151;0,2
0,111746;1,31641;0,2
0,11176;1,3161;0,2
0,111846;1,31741;0,2
0,11186;1,3171;0,2
0,11146;1,31841;0,2
0,1116;1,3181;0,2
0,112046;1,3141;0,2
0,11206;1,311;0,2
0,112146;1,32041;0,2
0,11216;1,3201;0,2
0,112246;1,32141;0,2
0,11226;1,3211;0,2
0,112346;1,32241;0,2
0,11236;1,3221;0,2
0,112446;1,32341;0,2
0,11246;1,3231;0,2
0,112546;1,32441;0,2
0,11256;1,3241;0,2
0,112646;1,32541;0,2
0,11266;1,3251;0,2
0,112746;1,32641;0,2
0,11276;1,3261;0,2
0,112846;1,32741;0,2
0,11286;1,3271;0,2
0,11246;1,32841;0,2
0,1126;1,3281;0,2
0,113046;1,3241;0,2
0,11306;1,321;0,2
0,113146;1,33041;0,2
0,11316;1,3301;0,2
0,113246;1,33141;0,2
0,11326;1,3311;0,2
0,113346;1,33241;0,2
0,11336;1,3321;0,2
0,113446;1,33341;0,2
0,11346;1,3331;0,2
0,113546;1,33441;0,2
0,11356;1,3341;0,2
0,113646;1,33541;0,2
0,11366;1,3351;0,2
0,113746;1,33641;0,2
0,11376;1,3361;0,2
0,113846;1,33741;0,2
0,11386;1,3371;0,2
0,11346;1,33841;0,2
0,1136;1,3381;0,2
0,114046;1,3341;0,2
0,11406;1,331;0,2
0,114146;1,34041;0,2
0,11416;1,3401;0,2
0,114246;1,34141;0,2
0,11426;1,3411;0,2
0,114346;1,34241;0,2
0,11436;1,3421;0,2
0,114446;1,34341;0,2
0,11446;1,3431;0,2
0,114546;1,34441;0,2
0,11456;1,3441;0,2
0,114646;1,34541;0,2
0,11466;1,3451;0,2
0,114746;1,34641;0,2
0,11476;1,3461;0,2
0,114846;1,34741;0,2
0,11486;1,3471;0,2
0,11445;1,34841;0,2
0,1145;1,3481;0,2
0,115045;1,3441;0,2
0,11505;1,341;0,2
0,115145;1,35041;0,2
0,11515;1,3501;0,2
0,115245;1,35141;0,2
0,11525;1,3511;0,2
0,115345;1,35241;0,2
0,11535;1,3521;0,2
0,115445;1,35341;0,2
0,11545;1,3531;0,2
0,115545;1,35441;0,2
0,11555;1,3541;0,2
0,115645;1,35541;0,2
0,11565;1,3551;0,2
0,115745;1,35641;0,2
0,11575;1,3561;0,2
0,115845;1,35741;0,2
0,11585;1,3571;0,2
0,11545;1,35841;0,2
0,1155;1,3581;0,2
0,116045;1,3541;0,2
0,11605;1,351;0,2
0,116145;1,36041;0,2
0,11615;1,3601;0,2
0,116245;1,36141;0,2
0,11625;1,3611;0,2
0,116345;1,36241;0,2
0,11635;1,3621;0,2
0,116445;1,36341;0,2
0,11645;1,3631;0,2
0,116545;1,36441;0,2
0,11655;1,3641;0,2
0,116645;1,36541;0,2
0,11665;1,365;0,2
0,116745;1,3664;0,2
0,11675;1,366;0,2
0,116845;1,3674;0,2
0,11685;1,367;0,2
0,11645;1,3684;0,2
0,1165;1,368;0,2
0,117045;1,364;0,2
0,11705;1,36;0,2
0,117145;1,3704;0,2
0,11715;1,370;0,2
0,117245;1,3714;0,2
0,11725;1,371;0,2
0,117345;1,3724;0,2
0,11735;1,372;0,2
0,117445;1,3734;0,2
0,11745;1,373;0,2
0,117545;1,3744;0,2
0,11755;1,374;0,2
0,117645;1,3754;0,2
0,11765;1,375;0,2
0,117745;1,3764;0,2
0,11775;1,376;0,2
0,117845;1,3774;0,2
0,11785;1,377;0,2
0,11745;1,3784;0,2
0,1175;1,378;0,2
0,118045;1,374;0,2
0,11805;1,37;0,2
0,118145;1,3804;0,2
0,11815;1,380;0,2
0,118245;1,3814;0,2
0,11825;1,381;0,2
0,118345;1,3824;0,2
0,11835;1,382;0,2
0,118445;1,3834;0,2
0,11845;1,383;0,2
0,118545;1,3844;0,2
0,11855;1,384;0,2
0,118645;1,3854;0,2
0,11865;1,385;0,2
0,118745;1,3864;0,2
0,11875;1,386;0,2
0,118845;1,3874;0,2
0,11885;1,387;0,2
0,11845;1,3884;0,2
0,1185;1,388;0,2
0,11045;1,384;0,2
0,1105;1,38;0,2
0,11145;1,304;0,2
0,1115;1,30;0,2
0,11245;1,314;0,2
0,1125;1,31;0,2
0,11345;1,324;0,2
0,1135;1,32;0,2
0,11445;1,334;0,2
0,1145;1,33;0,2
0,11545;1,344;0,2
0,1155;1,34;0,2
0,11645;1,354;0,2
0,1165;1,35;0,2
0,11745;1,364;0,2
0,1175;1,36;0,2
0,11845;1,374;0,2
0,1185;1,37;0,2
0,1145;1,384;0,2
0,115;1,38;0,2
0,120045;1,34;0,2
0,12005;1,3;0,2
0,120145;1,4004;0,2
0,12015;1,400;0,2
0,120245;1,4014;0,2
0,12025;1,401;0,2
0,120345;1,4024;0,2
0,12035;1,402;0,2
0,120445;1,4034;0,2
0,12045;1,403;0,2
0,120545;1,4044;0,2
0,12055;1,404;0,2
0,120645;1,4054;0,2
0,12065;1,405;0,2
0,120745;1,4064;0,2
0,12075;1,406;0,2
0,120845;1,4074;0,2
0,12085;1,407;0,2
0,12045;1,4084;0,2
0,1205;1,408;0,2
0,121045;1,404;0,2
0,12105;1,40;0,2
0,121145;1,4104;0,2
0,12115;1,410;0,2
0,121245;1,4114;0,2
0,12125;1,411;0,2
0,121345;1,4124;0,2
0,12135;1,412;0,2
0,121445;1,4134;0,2
0,12145;1,413;0,2
0,121545;1,4144;0,2
0,12155;1,414;0,2
0,121645;1,4154;0,2
0,12165;1,415;0,2
0,121745;1,4164;0,2
0,12175;1,416;0,2
0,121845;1,4174;0,2
0,12185;1,417;0,2
0,12145;1,4184;0,2
0,1215;1,418;0,2
0,122045;1,414;0,2
0,12205;1,41;0,2
0,122145;1,4204;0,2
0,12215;1,420;0,2
0,122245;1,4214;0,2
0,12225;1,421;0,2
0,122345;1,4224;0,2
0,12235;1,422;0,2
0,122445;1,4234;0,2
0,12245;1,423;0,2
0,122545;1,4244;0,2
0,12255;1,424;0,2
0,122645;1,4254;0,2
0,12265;1,425;0,2
0,122745;1,4264;0,2
0,12275;1,426;0,2
0,122845;1,4274;0,2
0,12285;1,427;0,2
0,12245;1,4284;0,2
0,1225;1,428;0,2
0,123045;1,424;0,2
0,12305;1,42;0,2
0,123145;1,4304;0,2
0,12315;1,430;0,2
0,123245;1,4314;0,2
0,12325;1,431;0,2
0,123345;1,4324;0,2
0,12335;1,432;0,2
0,123445;1,4334;0,2
0,12345;1,433;0,2
0,123545;1,4344;0,2
0,12355;1,434;0,2
0,123645;1,4354;0,2
0,12365;1,435;0,2
0,123745;1,4364;0,2
0,12375;1,436;0,2
0,123845;1,4374;0,2
0,12385;1,437;0,2
0,12345;1,4384;0,2
0,1235;1,438;0,2
0,124044;1,434;0,2
0,12404;1,43;0,2
0,124144;1,4404;0,2
0,12414;1,440;0,2
0,124244;1,4414;0,2
0,12424;1,441;0,2
0,124344;1,4424;0,2
0,12434;1,442;0,2
0,124444;1,4434;0,2
0,12444;1,443;0,2
0,124544;1,4444;0,2
0,12454;1,444;0,2
0,124644;1,4454;0,2
0,12464;1,445;0,2
0,124744;1,4464;0,2
0,12474;1,446;0,2
0,124844;1,4474;0,2
0,12484;1,447;0,2
0,12444;1,4484;0,2
0,1244;1,448;0,2
0,125044;1,444;0,2
0,12504;1,44;0,2
0,125144;1,4504;0,2
0,12514;1,450;0,2
0,125244;1,4514;0,2
0,12524;1,451;0,2
0,125344;1,4524;0,2
0,12534;1,452;0,2
0,125444;1,4534;0,2
0,12544;1,453;0,2
0,125544;1,4544;0,2
0,12554;1,454;0,2
0,125644;1,4554;0,2
0,12564;1,455;0,2
0,125744;1,45648;0,2
0,12574;1,4568;0,2
0,125844;1,45748;0,2
0,12584;1,4578;0,2
0,12544;1,45848;0,2
0,1254;1,4588;0,2
0,126044;1,4548;0,2
0,12604;1,458;0,2
0,126144;1,46048;0,2
0,12614;1,4608;0,2
0,126244;1,46148;0,2
0,12624;1,4618;0,2
0,126344;1,46248;0,2
0,12634;1,4628;0,2
0,126444;1,46348;0,2
0,12644;1,4638;0,2
0,126544;1,46448;0,2
0,12654;1,4648;0,2
0,126644;1,46548;0,2
0,12664;1,4658;0,2
0,126744;1,46648;0,2
0,12674;1,4668;0,2
0,126844;1,46748;0,2
0,12684;1,4678;0,2
0,12644;1,46848;0,2
0,1264;1,4688;0,2
0,127044;1,4648;0,2
0,12704;1,468;0,2
0,127144;1,47048;0,2
0,12714;1,4708;0,2
0,127244;1,47148;0,2
0,12724;1,4718;0,2
0,127344;1,47248;0,2
0,12734;1,4728;0,2
0,127444;1,47348;0,2
0,12744;1,4738;0,2
0,127544;1,47448;0,2
0,12754;1,4748;0,2
0,127644;1,47548;0,2
0,12764;1,4758;0,2
0,127744;1,47648;0,2
0,12774;1,4768;0,2
0,127844;1,47748;0,2
0,12784;1,4778;0,2
0,12744;1,47848;0,2
0,1274;1,4788;0,2
0,128044;1,4748;0,2
0,12804;1,478;0,2
0,128144;1,48048;0,2
0,12814;1,4808;0,2
0,128244;1,48148;0,2
0,12824;1,4818;0,2
0,128344;1,48248;0,2
0,12834;1,4828;0,2
0,128444;1,48348;0,2
0,12844;1,4838;0,2
0,128544;1,48448;0,2
0,12854;1,4848;0,2
0,128644;1,48548;0,2
0,12864;1,4858;0,2
0,128744;1,48648;0,2
0,12874;1,4868;0,2
0,128844;1,48748;0,2
0,12884;1,4878;0,2
0,12844;1,48848;0,2
0,1284;1,4888;0,2
0,12044;1,4848;0,2
0,1204;1,488;0,2
0,12144;1,4048;0,2
0,1214;1,408;0,2
0,12244;1,4148;0,2
0,1224;1,418;0,2
0,12344;1,4248;0,2
0,1234;1,428;0,2
0,12444;1,4348;0,2
0,1244;1,438;0,2
0,12544;1,4448;0,2
0,1254;1,448;0,2
0,12644;1,4548;0,2
0,1264;1,458;0,2
0,12744;1,4648;0,2
0,1274;1,468;0,2
0,12844;1,4748;0,2
0,1284;1,478;0,2
0,1244;1,4848;0,2
0,124;1,488;0,2
0,130044;1,448;0,2
0,13004;1,48;0,2
0,130144;1,50048;0,2
0,13014;1,5008;0,2
0,130244;1,50148;0,2
0,13024;1,5018;0,2
0,130344;1,50248;0,2
0,13034;1,5028;0,2
0,130444;1,50348;0,2
0,13044;1,5038;0,2
0,130544;1,50448;0,2
0,13054;1,5048;0,2
0,130644;1,50548;0,2
0,13064;1,5058;0,2
0,130744;1,50648;0,2
0,13074;1,5068;0,2
0,130844;1,50748;0,2
0,13084;1,5078;0,2
0,13044;1,50848;0,2
0,1304;1,5088;0,2
0,131044;1,5048;0,2
0,13104;1,508;0,2
0,131144;1,51048;0,2
0,13114;1,5108;0,2
0,131244;1,51148;0,2
0,13124;1,5118;0,2
0,131344;1,51248;0,2
0,13134;1,5128;0,2
0,131444;1,51348;0,2
0,13144;1,5138;0,2
0,131544;1,51448;0,2
0,13154;1,5148;0,2
0,131644;1,51548;0,2
0,13164;1,5158;0,2
0,131744;1,51648;0,2
0,13174;1,5168;0,2
0,131844;1,51748;0,2
0,13184;1,5178;0,2
0,13144;1,51848;0,2
0,1314;1,5188;0,2
0,132044;1,5148;0,2
0,13204;1,518;0,2
0,132144;1,52048;0,2
0,13214;1,5208;0,2
0,132244;1,52148;0,2
0,13224;1,5218;0,2
0,132344;1,52248;0,2
0,13234;1,5228;0,2
0,132444;1,52348;0,2
0,13244;1,5238;0,2
0,132544;1,52448;0,2
0,13254;1,5248;0,2
0,132644;1,52548;0,2
0,13264;1,5258;0,2
0,132744;1,52648;0,2
0,13274;1,5268;0,2
0,132844;1,52748;0,2
0,13284;1,5278;0,2
0,13244;1,52848;0,2
0,1324;1,5288;0,2
0,133044;1,5248;0,2
0,13304;1,528;0,2
0,133143;1,53048;0,2
0,13313;1,5308;0,2
0,133243;1,53148;0,2
0,13323;1,5318;0,2
0,133343;1,53248;0,2
0,13333;1,5328;0,2
0,133443;1,53348;0,2
0,13343;1,5338;0,2
0,133543;1,53448;0,2
0,13353;1,5348;0,2
0,133643;1,53548;0,2
0,13363;1,5358;0,2
0,133743;1,53648;0,2
0,13373;1,5368;0,2
0,133843;1,53748;0,2
0,13383;1,5378;0,2
0,13343;1,53848;0,2
0,1333;1,5388;0,2
0,134043;1,5348;0,2
0,13403;1,538;0,2
0,134143;1,54048;0,2
0,13413;1,5408;0,2
0,134243;1,54148;0,2
0,13423;1,5418;0,2
0,134343;1,54248;0,2
0,13433;1,5428;0,2
0,134443;1,54348;0,2
0,13443;1,5438;0,2
0,134543;1,54448;0,2
0,13453;1,5448;0,2
0,134643;1,54548;0,2
0,13463;1,5458;0,2
0,134743;1,54648;0,2
0,13473;1,5468;0,2
0,134843;1,54748;0,2
0,13483;1,54788;0,2
0,13443;1,548488;0,2
0,1343;1,54888;0,2
0,135043;1,54488;0,2
0,13503;1,5488;0,2
0,135143;1,550488;0,2
0,13513;1,55088;0,2
0,135243;1,551488;0,2
0,13523;1,55188;0,2
0,135343;1,552488;0,2
0,13533;1,55288;0,2
0,135443;1,553488;0,2
0,13543;1,55388;0,2
0,135543;1,554488;0,2
0,13553;1,55488;0,2
0,135643;1,555488;0,2
0,13563;1,55588;0,2
0,135743;1,556488;0,2
0,13573;1,55688;0,2
0,135843;1,557488;0,2
0,13583;1,55788;0,2
0,13543;1,558488;0,2
0,1353;1,55888;0,2
0,136043;1,55488;0,2
0,13603;1,5588;0,2
0,136143;1,560488;0,2
0,13613;1,56088;0,2
0,136243;1,561488;0,2
0,13623;1,56188;0,2
0,136343;1,562488;0,2
0,13633;1,56288;0,2
0,136443;1,563488;0,2
0,13643;1,56388;0,2
0,136543;1,564488;0,2
0,13653;1,56488;0,2
0,136643;1,565488;0,2
0,13663;1,56588;0,2
0,136743;1,566488;0,2
0,13673;1,56688;0,2
0,136843;1,567488;0,2
0,13683;1,56788;0,2
0,13643;1,568488;0,2
0,1363;1,56888;0,2
0,137043;1,56488;0,2
0,13703;1,5688;0,2
0,137143;1,570488;0,2
0,13713;1,57088;0,2
0,137243;1,571488;0,2
0,13723;1,57188;0,2
0,137343;1,572488;0,2
0,13733;1,57288;0,2
0,137443;1,573488;0,2
0,13743;1,57388;0,2
0,137543;1,574488;0,2
0,13753;1,57488;0,2
0,137643;1,575488;0,2
0,13763;1,57588;0,2
0,137743;1,576488;0,2
0,13773;1,57688;0,2
0,137843;1,577488;0,2
0,13783;1,57788;0,2
0,13743;1,578488;0,2
0,1373;1,57888;0,2
0,138043;1,57488;0,2
0,13803;1,5788;0,2
0,138143;1,580488;0,2
0,13813;1,58088;0,2
0,138243;1,581488;0,2
0,13823;1,58188;0,2
0,138343;1,582488;0,2
0,13833;1,58288;0,2
0,138443;1,583488;0,2
0,13843;1,58388;0,2
0,138543;1,584488;0,2
0,13853;1,58488;0,2
0,138643;1,585488;0,2
0,13863;1,58588;0,2
0,138743;1,586488;0,2
0,13873;1,58688;0,2
0,138843;1,587488;0,2
0,13883;1,58788;0,2
0,13843;1,588488;0,2
0,1383;1,58888;0,2
0,13043;1,58488;0,2
0,1303;1,5888;0,2
0,13143;1,50488;0,2
0,1313;1,5088;0,2
0,13243;1,51488;0,2
0,1323;1,5188;0,2
0,13343;1,52488;0,2
0,1333;1,5288;0,2
0,13443;1,53488;0,2
0,1343;1,5388;0,2
0,13543;1,54488;0,2
0,1353;1,5488;0,2
0,13643;1,55488;0,2
0,1363;1,5588;0,2
0,13743;1,56488;0,2
0,1373;1,5688;0,2
0,13843;1,57488;0,2
0,1383;1,5788;0,2
0,1343;1,58488;0,2
0,133;1,5888;0,2
0,140043;1,5488;0,2
0,14003;1,588;0,2
0,140143;1,600488;0,2
0,14013;1,60088;0,2
0,140243;1,601488;0,2
0,14023;1,60188;0,2
0,140343;1,602488;0,2
0,14033;1,60288;0,2
0,140443;1,603488;0,2
0,14043;1,60388;0,2
0,140543;1,604488;0,2
0,14053;1,60488;0,2
0,140643;1,605488;0,2
0,14063;1,60588;0,2
0,140743;1,606488;0,2
0,14073;1,60688;0,2
0,140843;1,607488;0,2
0,14083;1,60788;0,2
0,14043;1,608488;0,2
0,1403;1,60888;0,2
0,141043;1,60488;0,2
0,14103;1,6088;0,2
0,141143;1,610488;0,2
0,14113;1,61088;0,2
0,141243;1,611488;0,2
0,14123;1,61188;0,2
0,141343;1,612488;0,2
0,14133;1,61288;0,2
0,141443;1,613488;0,2
0,14143;1,61388;0,2
0,141543;1,614488;0,2
0,14153;1,61488;0,2
0,141643;1,615488;0,2
0,14163;1,61588;0,2
0,141743;1,616488;0,2
0,14173;1,61688;0,2
0,141843;1,617488;0,2
0,14183;1,61788;0,2
0,14143;1,618488;0,2
0,1413;1,61888;0,2
0,142043;1,61488;0,2
0,14203;1,6188;0,2
0,142142;1,620488;0,2
0,14212;1,62088;0,2
0,142242;1,621488;0,2
0,14222;1,62188;0,2
0,142342;1,622488;0,2
0,14232;1,62288;0,2
0,142442;1,623488;0,2
0,14242;1,62388;0,2
0,142542;1,624488;0,2
0,14252;1,62488;0,2
0,142642;1,625488;0,2
0,14262;1,62588;0,2
0,142742;1,626488;0,2
0,14272;1,62688;0,2
0,142842;1,627488;0,2
0,14282;1,62788;0,2
0,14242;1,628488;0,2
0,1422;1,62888;0,2
0,143042;1,62488;0,2
0,14302;1,6288;0,2
0,143142;1,630488;0,2
0,14312;1,63088;0,2
0,143242;1,631488;0,2
0,14322;1,63188;0,2
0,143342;1,632488;0,2
0,14332;1,63288;0,2
0,143442;1,633488;0,2
0,14342;1,63388;0,2
0,143542;1,634488;0,2
0,14352;1,63488;0,2
0,143642;1,635488;0,2
0,14362;1,63588;0,2
0,143742;1,636488;0,2
0,14372;1,63688;0,2
0,143842;1,637488;0,2
0,14382;1,63787;0,2
0,14342;1,638487;0,2
0,1432;1,63887;0,2
0,144042;1,63487;0,2
0,14402;1,6387;0,2
0,144142;1,640487;0,2
0,14412;1,64087;0,2
0,144242;1,641487;0,2
0,14422;1,64187;0,2
0,144342;1,642487;0,2
0,14432;1,64287;0,2
0,144442;1,643487;0,2
0,14442;1,64387;0,2
0,144542;1,644487;0,2
0,14452;1,64487;0,2
0,144642;1,645487;0,2
0,14462;1,64587;0,2
0,144742;1,646487;0,2
0,14472;1,64687;0,2
0,144842;1,647487;0,2
0,14482;1,64787;0,2
0,14442;1,648487;0,2
0,1442;1,64887;0,2
0,145042;1,64487;0,2
0,14502;1,6487;0,2
0,145142;1,650487;0,2
0,14512;1,65087;0,2
0,145242;1,651487;0,2
0,14522;1,65187;0,2
0,145342;1,652487;0,2
0,14532;1,65287;0,2
0,145442;1,653487;0,2
0,14542;1,65387;0,2
0,145542;1,654487;0,2
0,14552;1,65487;0,2
0,145642;1,655487;0,2
0,14562;1,65587;0,2
0,145742;1,656487;0,2
0,14572;1,65687;0,2
0,145842;1,657487;0,2
0,14582;1,65787;0,2
0,14542;1,658487;0,2
0,1452;1,65887;0,2
0,146042;1,65487;0,2
0,14602;1,6587;0,2
0,146142;1,660487;0,2
0,14612;1,66087;0,2
0,146242;1,661487;0,2
0,14622;1,66187;0,2
0,146342;1,662487;0,2
0,14632;1,66287;0,2
0,146442;1,663487;0,2
0,14642;1,66387;0,2
0,146542;1,664487;0,2
0,14652;1,66487;0,2
0,146642;1,665487;0,2
0,14662;1,66587;0,2
0,146742;1,666487;0,2
0,14672;1,66687;0,2
0,146842;1,667487;0,2
0,14682;1,66787;0,2
0,14642;1,668487;0,2
0,1462;1,66887;0,2
0,147042;1,66487;0,2
0,14702;1,6687;0,2
0,147142;1,670487;0,2
0,14712;1,67087;0,2
0,147242;1,671487;0,2
0,14722;1,67187;0,2
0,147342;1,672487;0,2
0,14732;1,67287;0,2
0,147442;1,673487;0,2
0,14742;1,67387;0,2
0,147542;1,674487;0,2
0,14752;1,67487;0,2
0,147642;1,675487;0,2
0,14762;1,67587;0,2
0,147742;1,676487;0,2
0,14772;1,67687;0,2
0,147842;1,677487;0,2
0,14782;1,67787;0,2
0,14742;1,678487;0,2
0,1472;1,67887;0,2
0,148042;1,67487;0,2
0,14802;1,6787;0,2
0,148142;1,680487;0,2
0,14812;1,68087;0,2
0,148242;1,681487;0,2
0,14822;1,68187;0,2
0,148342;1,682487;0,2
0,14832;1,68287;0,2
0,148442;1,683487;0,2
0,14842;1,68387;0,2
0,148542;1,684487;0,2
0,14852;1,68487;0,2
0,148642;1,685487;0,2
0,14862;1,68587;0,2
0,148742;1,686487;0,2
0,14872;1,68687;0,2
0,148842;1,687487;0,2
0,14882;1,68787;0,2
0,14842;1,688487;0,2
0,1482;1,68887;0,2
0,14042;1,68487;0,2
0,1402;1,6887;0,2
0,14142;1,60487;0,2
0,1412;1,6087;0,2
0,14242;1,61487;0,2
0,1422;1,6187;0,2
0,14342;1,62487;0,2
0,1432;1,6287;0,2
0,14442;1,63487;0,2
0,1442;1,6387;0,2
0,14542;1,64487;0,2
0,1452;1,6487;0,2
0,14642;1,65487;0,2
0,1462;1,6587;0,2
0,14742;1,66487;0,2
0,1472;1,6687;0,2
0,14842;1,67487;0,2
0,1482;1,6787;0,2
0,1442;1,68487;0,2
0,142;1,6887;0,2
0,150042;1,6487;0,2
0,15002;1,687;0,3
0,150142;1,700487;0,3
0,15012;1,70087;0,3
0,150242;1,701487;0,3
0,15022;1,70187;0,3
0,150342;1,702487;0,3
0,15032;1,70287;0,3
0,150442;1,703487;0,3
0,15042;1,70387;0,3
0,150542;1,704487;0,3
0,15052;1,70487;0,3
0,150642;1,705487;0,3
0,15062;1,70587;0,3
0,150742;1,706487;0,3
0,15072;1,70687;0,3
0,150842;1,707487;0,3
0,15082;1,70787;0,3
0,15042;1,708487;0,3
0,1502;1,70887;0,3
0,151042;1,70487;0,3
0,15102;1,7087;0,3
0,151142;1,710487;0,3
0,15112;1,71087;0,3
0,151242;1,711487;0,3
0,15121;1,71187;0,3
0,151341;1,712487;0,3
0,15131;1,71287;0,3
0,151441;1,713487;0,3
0,15141;1,71387;0,3
0,151541;1,714487;0,3
0,15151;1,71487;0,3
0,151641;1,715487;0,3
0,15161;1,71587;0,3
0,151741;1,716487;0,3
0,15171;1,71687;0,3
0,151841;1,717487;0,3
0,15181;1,71787;0,3
0,15141;1,718487;0,3
0,1511;1,71887;0,3
0,152041;1,71487;0,3
0,15201;1,7187;0,3
0,152141;1,720487;0,3
0,15211;1,72087;0,3
0,152241;1,721487;0,3
0,15221;1,72187;0,3
0,152341;1,722487;0,3
0,15231;1,72287;0,3
0,152441;1,723487;0,3
0,15241;1,72387;0,3
0,152541;1,724487;0,3
0,15251;1,72487;0,3
0,152641;1,725487;0,3
0,15261;1,72587;0,3
0,152741;1,726487;0,3
0,15271;1,72687;0,3
0,152841;1,727487;0,3
0,15281;1,72787;0,3
0,15241;1,728486;0,3
0,1521;1,72886;0,3
0,153041;1,72486;0,3
0,15301;1,7286;0,3
0,153141;1,730486;0,3
0,15311;1,73086;0,3
0,153241;1,731486;0,3
0,15321;1,73186;0,3
0,153341;1,732486;0,3
0,15331;1,73286;0,3
0,153441;1,733486;0,3
0,15341;1,73386;0,3
0,153541;1,734486;0,3
0,15351;1,73486;0,3
0,153641;1,735486;0,3
0,15361;1,73586;0,3
0,153741;1,736486;0,3
0,15371;1,73686;0,3
0,153841;1,737486;0,3
0,15381;1,73786;0,3
0,15341;1,738486;0,3
0,1531;1,73886;0,3
0,154041;1,73486;0,3
0,15401;1,7386;0,3
0,154141;1,740486;0,3
0,15411;1,74086;0,3
0,154241;1,741486;0,3
0,15421;1,74186;0,3
0,154341;1,742486;0,3
0,15431;1,74286;0,3
0,154441;1,743486;0,3
0,15441;1,74386;0,3
0,154541;1,744486;0,3
0,15451;1,74486;0,3
0,154641;1,745486;0,3
0,15461;1,74586;0,3
0,154741;1,746486;0,3
0,15471;1,74686;0,3
0,154841;1,747486;0,3
0,15481;1,74786;0,3
0,15441;1,748486;0,3
0,1541;1,74886;0,3
0,155041;1,74486;0,3
0,15501;1,7486;0,3
0,155141;1,750486;0,3
0,15511;1,75086;0,3
0,155241;1,751486;0,3
0,15521;1,75186;0,3
0,155341;1,752486;0,3
0,15531;1,75286;0,3
0,155441;1,753486;0,3
0,15541;1,75386;0,3
0,155541;1,754486;0,3
0,15551;1,75486;0,3
0,155641;1,755486;0,3
0,15561;1,75586;0,3
0,155741;1,756486;0,3
0,15571;1,75686;0,3
0,155841;1,757486;0,3
0,15581;1,75786;0,3
0,15541;1,758486;0,3
0,1551;1,75886;0,3
0,156041;1,75486;0,3
0,15601;1,7586;0,3
0,156141;1,760486;0,3
0,15611;1,76086;0,3
0,156241;1,761486;0,3
0,15621;1,76186;0,3
0,156341;1,762486;0,3
0,15631;1,76286;0,3
0,156441;1,763486;0,3
0,15641;1,76386;0,3
0,156541;1,764486;0,3
0,15651;1,76486;0,3
0,156641;1,765486;0,3
0,15661;1,76586;0,3
0,156741;1,766486;0,3
0,15671;1,76686;0,3
0,156841;1,767486;0,3
0,15681;1,76786;0,3
0,15641;1,768486;0,3
0,1561;1,76886;0,3
0,157041;1,76486;0,3
0,15701;1,7686;0,3
0,157141;1,770486;0,3
0,15711;1,77086;0,3
0,157241;1,771486;0,3
0,15721;1,77186;0,3
0,157341;1,772486;0,3
0,15731;1,77286;0,3
0,157441;1,773486;0,3
0,15741;1,77386;0,3
0,157541;1,774486;0,3
0,15751;1,77486;0,3
0,157641;1,775486;0,3
0,15761;1,77586;0,3
0,157741;1,776486;0,3
0,15771;1,77686;0,3
0,157841;1,777486;0,3
0,15781;1,77786;0,3
0,15741;1,778486;0,3
0,1571;1,77886;0,3
0,158041;1,77486;0,3
0,15801;1,7786;0,3
0,158141;1,780486;0,3
0,15811;1,78086;0,3
0,158241;1,781486;0,3
0,15821;1,78186;0,3
0,158341;1,782486;0,3
0,15831;1,78286;0,3
0,158441;1,783486;0,3
0,15841;1,78386;0,3
0,158541;1,784486;0,3
0,15851;1,78486;0,3
0,158641;1,785486;0,3
0,15861;1,78586;0,3
0,158741;1,786486;0,3
0,15871;1,78686;0,3
0,158841;1,787486;0,3
0,15881;1,78786;0,3
0,15841;1,788486;0,3
0,1581;1,78886;0,3
0,15041;1,78486;0,3
0,1501;1,7886;0,3
0,15141;1,70486;0,3
0,1511;1,7086;0,3
0,15241;1,71486;0,3
0,1521;1,7186;0,3
0,15341;1,72486;0,3
0,1531;1,7286;0,3
0,15441;1,73486;0,3
0,1541;1,7386;0,3
0,15541;1,74486;0,3
0,1551;1,7486;0,3
0,15641;1,75486;0,3
0,1561;1,7586;0,3
0,15741;1,76486;0,3
0,1571;1,7686;0,3
0,15841;1,77486;0,3
0,1581;1,7786;0,3
0,1541;1,78486;0,3
0,151;1,7886;0,3
0,160041;1,7486;0,3
0,16001;1,786;0,3
0,160141;1,800486;0,3
0,16011;1,80086;0,3
0,160241;1,801486;0,3
0,16021;1,80186;0,3
0,16034;1,802486;0,3
0,1603;1,80286;0,3
0,16044;1,803486;0,3
0,1604;1,80386;0,3
0,16054;1,804486;0,3
0,1605;1,80486;0,3
0,16064;1,805486;0,3
0,1606;1,80586;0,3
0,16074;1,806486;0,3
0,1607;1,80686;0,3
0,16084;1,807486;0,3
0,1608;1,80786;0,3
0,1604;1,808486;0,3
0,160;1,80886;0,3
0,16104;1,80486;0,3
0,1610;1,8086;0,3
0,16114;1,810486;0,3
0,1611;1,81086;0,3
0,16124;1,811486;0,3
0,1612;1,81186;0,3
0,16134;1,812486;0,3
0,1613;1,81286;0,3
0,16144;1,813486;0,3
0,1614;1,81386;0,3
0,16154;1,814486;0,3
0,1615;1,81486;0,3
0,16164;1,815486;0,3
0,1616;1,81586;0,3
0,16174;1,816486;0,3
0,1617;1,81686;0,3
0,16184;1,817486;0,3
0,1618;1,81786;0,3
0,1614;1,818486;0,3
0,161;1,81886;0,3
0,16204;1,81486;0,3
0,1620;1,8185;0,3
0,16214;1,820485;0,3
0,1621;1,82085;0,3
0,16224;1,821485;0,3
0,1622;1,82185;0,3
0,16234;1,822485;0,3
0,1623;1,82285;0,3
0,16244;1,823485;0,3
0,1624;1,82385;0,3
0,16254;1,824485;0,3
0,1625;1,82485;0,3
0,16264;1,825485;0,3
0,1626;1,82585;0,3
0,16274;1,826485;0,3
0,1627;1,82685;0,3
0,16284;1,827485;0,3
0,1628;1,82785;0,3
0,1624;1,828485;0,3
0,162;1,82885;0,3
0,16304;1,82485;0,3
0,1630;1,8285;0,3
0,16314;1,830485;0,3
0,1631;1,83085;0,3
0,16324;1,831485;0,3
0,1632;1,83185;0,3
0,16334;1,832485;0,3
0,1633;1,83285;0,3
0,16344;1,833485;0,3
0,1634;1,83385;0,3
0,16354;1,834485;0,3
0,1635;1,83485;0,3
0,16364;1,835485;0,3
0,1636;1,83585;0,3
0,16374;1,836485;0,3
0,1637;1,83685;0,3
0,16384;1,837485;0,3
0,1638;1,83785;0,3
0,1634;1,838485;0,3
0,163;1,83885;0,3
0,16404;1,83485;0,3
0,1640;1,8385;0,3
0,16414;1,840485;0,3
0,1641;1,84085;0,3
0,16424;1,841485;0,3
0,1642;1,84185;0,3
0,16434;1,842485;0,3
0,1643;1,84285;0,3
0,16444;1,843485;0,3
0,1644;1,84385;0,3
0,16454;1,844485;0,3
0,1645;1,84485;0,3
0,16464;1,845485;0,3
0,1646;1,84585;0,3
0,16474;1,846485;0,3
0,1647;1,84685;0,3
0,16484;1,847485;0,3
0,1648;1,84785;0,3
0,1644;1,848485;0,3
0,164;1,84885;0,3
0,16504;1,84485;0,3
0,1650;1,8485;0,3
0,16514;1,850485;0,3
0,1651;1,85085;0,3
0,16524;1,851485;0,3
0,1652;1,85185;0,3
0,16534;1,852485;0,3
0,1653;1,85285;0,3
0,16544;1,853485;0,3
0,1654;1,85385;0,3
0,16554;1,854485;0,3
0,1655;1,85485;0,3
0,16564;1,855485;0,3
0,1656;1,85585;0,3
0,16574;1,856485;0,3
0,1657;1,85685;0,3
0,16584;1,857485;0,3
0,1658;1,85785;0,3
0,1654;1,858485;0,3
0,165;1,85885;0,3
0,16604;1,85485;0,3
0,1660;1,8585;0,3
0,16614;1,860485;0,3
0,1661;1,86085;0,3
0,16624;1,861485;0,3
0,1662;1,86185;0,3
0,16634;1,862485;0,3
0,1663;1,86285;0,3
0,16644;1,863485;0,3
0,1664;1,86385;0,3
0,16654;1,864485;0,3
0,1665;1,86485;0,3
0,16664;1,865485;0,3
0,1666;1,86585;0,3
0,16674;1,866485;0,3
0,1667;1,86685;0,3
0,16684;1,867485;0,3
0,1668;1,86785;0,3
0,1664;1,868485;0,3
0,166;1,86885;0,3
0,16704;1,86485;0,3
0,1670;1,8685;0,3
0,16714;1,870485;0,3
0,1671;1,87085;0,3
0,16724;1,871485;0,3
0,1672;1,87185;0,3
0,16734;1,872485;0,3
0,1673;1,87285;0,3
0,16744;1,873485;0,3
0,1674;1,87385;0,3
0,16754;1,874485;0,3
0,1675;1,87485;0,3
0,16764;1,875485;0,3
0,1676;1,87585;0,3
0,16774;1,876485;0,3
0,1677;1,87685;0,3
0,16784;1,877485;0,3
0,1678;1,87785;0,3
0,1674;1,878485;0,3
0,167;1,87885;0,3
0,16804;1,87485;0,3
0,1680;1,8785;0,3
0,16814;1,880485;0,3
0,1681;1,88085;0,3
0,16824;1,881485;0,3
0,1682;1,88185;0,3
0,16834;1,882485;0,3
0,1683;1,88285;0,3
0,16844;1,883485;0,3
0,1684;1,88385;0,3
0,16854;1,884485;0,3
0,1685;1,88485;0,3
0,16864;1,885485;0,3
0,1686;1,88585;0,3
0,16874;1,886485;0,3
0,1687;1,88685;0,3
0,16884;1,887485;0,3
0,1688;1,88785;0,3
0,1684;1,888485;0,3
0,168;1,88885;0,3
0,1604;1,88485;0,3
0,160;1,8885;0,3
0,1614;1,80485;0,3
0,161;1,8085;0,3
0,1624;1,81485;0,3
0,162;1,8185;0,3
0,1634;1,82485;0,3
0,163;1,8285;0,3
0,1644;1,83485;0,3
0,1648;1,8385;0,3
0,16548;1,84485;0,3
0,1658;1,8485;0,3
0,16648;1,85485;0,3
0,1668;1,8585;0,3
0,16748;1,86485;0,3
0,1678;1,8685;0,3
0,16848;1,87485;0,3
0,1688;1,8785;0,3
0,1648;1,88485;0,3
0,168;1,8885;0,3
0,170048;1,8485;0,3
0,17008;1,885;0,3
0,170148;1,00485;0,3
0,17018;1,0085;0,3
0,170248;1,01485;0,3
0,17028;1,0185;0,3
0,170348;1,02485;0,3
0,17038;1,0285;0,3
0,170448;1,03485;0,3
0,17048;1,0385;0,3
0,170548;1,04485;0,3
0,17058;1,0485;0,3
0,170648;1,05485;0,3
0,17068;1,0585;0,3
0,170748;1,06485;0,3
0,17078;1,0685;0,3
0,170848;1,07485;0,3
0,17088;1,0785;0,3
0,17048;1,08485;0,3
0,1708;1,0885;0,3
0,171048;1,0485;0,3
0,17108;1,085;0,3
0,171148;1,10484;0,3
0,17118;1,1085;0,3
0,171248;1,11484;0,3
0,17128;1,1184;0,3
0,171348;1,12484;0,3
0,17138;1,1284;0,3
0,171448;1,13484;0,3
0,17148;1,1384;0,3
0,171548;1,14484;0,3
0,17158;1,1484;0,3
0,171648;1,15484;0,3
0,17168;1,1584;0,3
0,171748;1,16484;0,3
0,17178;1,1684;0,3
0,171848;1,17484;0,3
0,17188;1,1784;0,3
0,17148;1,18484;0,3
0,1718;1,1884;0,3
0,172048;1,1484;0,3
0,17208;1,184;0,3
0,172148;1,20484;0,3
0,17218;1,2084;0,3
0,172248;1,21484;0,3
0,17228;1,2184;0,3
0,172348;1,22484;0,3
0,17238;1,2284;0,3
0,172448;1,23484;0,3
0,17248;1,2384;0,3
0,172548;1,24484;0,3
0,17258;1,2484;0,3
0,172648;1,25484;0,3
0,17268;1,2584;0,3
0,172748;1,26484;0,3
0,17278;1,2684;0,3
0,172848;1,27484;0,3
0,17288;1,2784;0,3
0,17248;1,28484;0,3
0,1728;1,2884;0,3
0,173048;1,2484;0,3
0,17308;1,284;0,3
0,173148;1,30484;0,3
0,17318;1,3084;0,3
0,173248;1,31484;0,3
0,17328;1,3184;0,3
0,173348;1,32484;0,3
0,17338;1,3284;0,3
0,173448;1,33484;0,3
0,17348;1,3384;0,3
0,173548;1,34484;0,3
0,17358;1,3484;0,3
0,173648;1,35484;0,3
0,17368;1,3584;0,3
0,173748;1,36484;0,3
0,17378;1,3684;0,3
0,173848;1,37484;0,3
0,17388;1,3784;0,3
0,17348;1,38484;0,3
0,1738;1,3884;0,3
0,174048;1,3484;0,3
0,17408;1,384;0,3
0,174148;1,40484;0,3
0,17418;1,4084;0,3
0,174248;1,41484;0,3
0,17428;1,4184;0,3
0,174348;1,42484;0,3
0,17438;1,4284;0,3
0,174448;1,43484;0,3
0,17448;1,4384;0,3
0,174548;1,44484;0,3
0,17458;1,4484;0,3
0,174648;1,45484;0,3
0,17468;1,4584;0,3
0,174748;1,46484;0,3
0,17478;1,4684;0,3
0,174848;1,47484;0,3
0,17488;1,4784;0,3
0,17448;1,48484;0,3
0,1748;1,4884;0,3
0,175048;1,4484;0,3
0,17508;1,484;0,3
0,175148;1,50484;0,3
0,17518;1,5084;0,3
0,175248;1,51484;0,3
0,17528;1,5184;0,3
0,175348;1,52484;0,3
0,17538;1,5284;0,3
0,175448;1,53484;0,3
0,17548;1,5384;0,3
0,175548;1,54484;0,3
0,17558;1,5484;0,3
0,175648;1,55484;0,3
0,17568;1,5584;0,3
0,175748;1,56484;0,3
0,17578;1,5684;0,3
0,175848;1,57484;0,3
0,17588;1,5784;0,3
0,17548;1,58484;0,3
0,1758;1,5884;0,3
0,176048;1,5484;0,3
0,17608;1,584;0,3
0,176148;1,60484;0,3
0,17618;1,6084;0,3
0,176248;1,61484;0,3
0,17628;1,6184;0,3
0,176348;1,62484;0,3
0,17638;1,6284;0,3
0,176448;1,63484;0,3
0,17648;1,6384;0,3
0,176548;1,64484;0,3
0,17658;1,6484;0,3
0,176648;1,65484;0,3
0,17668;1,6584;0,3
0,176748;1,66484;0,3
0,17678;1,6684;0,3
0,176848;1,67484;0,3
0,17688;1,6784;0,3
0,17648;1,68484;0,3
0,1768;1,6884;0,3
0,177048;1,6484;0,3
0,17708;1,684;0,3
0,177148;1,70484;0,3
0,17718;1,7084;0,3
0,177248;1,71484;0,3
0,17728;1,7184;0,3
0,177348;1,72484;0,3
0,17738;1,7284;0,3
0,177448;1,73484;0,3
0,17748;1,7384;0,3
0,177548;1,74484;0,3
0,17758;1,7484;0,3
0,177648;1,75484;0,3
0,17768;1,7584;0,3
0,177748;1,76484;0,3
0,17778;1,7684;0,3
0,177848;1,77484;0,3
0,17788;1,7784;0,3
0,17748;1,78484;0,3
0,1778;1,7884;0,3
0,178048;1,7484;0,3
0,17808;1,784;0,3
0,178148;1,80484;0,3
0,17818;1,8084;0,3
0,178248;1,81484;0,3
0,17828;1,8184;0,3
0,178348;1,82484;0,3
0,17838;1,8284;0,3
0,178448;1,83484;0,3
0,17848;1,8384;0,3
0,1785488;1,84484;0,3
0,178588;1,8484;0,3
0,1786488;1,85484;0,3
0,178688;1,8584;0,3
0,1787488;1,86484;0,3
0,178788;1,8684;0,3
0,1788488;1,87484;0,3
0,178888;1,8784;0,3
0,178488;1,88484;0,3
0,17888;1,8884;0,3
0,170488;1,8484;0,3
0,17088;1,884;0,3
0,171488;1,0484;0,3
0,17188;1,084;0,3
0,172488;1,1484;0,3
0,17288;1,184;0,3
0,173488;1,2484;0,3
0,17388;1,284;0,3
0,174488;1,3484;0,3
0,17488;1,384;0,3
0,175488;1,4484;0,3
0,17588;1,484;0,3
0,176488;1,5484;0,3
0,17688;1,584;0,3
0,177488;1,6484;0,3
0,17788;1,684;0,3
0,178488;1,7484;0,3
0,17888;1,784;0,3
0,17488;1,8484;0,3
0,1788;1,884;0,3
0,1800488;1,484;0,3
0,180088;1,84;0,3
0,1801488;2,000483;0,3
0,180188;2,00084;0,3
0,1802488;2,001484;0,3
0,180288;2,00184;0,3
0,1803488;2,002484;0,3
0,180388;2,00284;0,3
0,1804488;2,003484;0,3
0,180488;2,00384;0,3
0,1805488;2,004484;0,3
0,180588;2,00484;0,3
0,1806488;2,005484;0,3
0,180688;2,00584;0,3
0,1807488;2,006484;0,3
0,180788;2,00684;0,3
0,1808488;2,007484;0,3
0,180888;2,00784;0,3
0,180488;2,008484;0,3
0,18088;2,00884;0,3
0,1810488;2,00484;0,3
0,181088;2,0084;0,3
0,1811488;2,010484;0,3
0,181188;2,01084;0,3
0,1812488;2,011484;0,3
0,181288;2,01184;0,3
0,1813488;2,012484;0,3
0,181388;2,01284;0,3
0,1814488;2,013484;0,3
0,181488;2,01384;0,3
0,1815488;2,014484;0,3
0,181588;2,01484;0,3
0,1816488;2,015484;0,3
0,181688;2,01584;0,3
0,1817488;2,016484;0,3
0,181788;2,01684;0,3
0,1818488;2,017484;0,3
0,181888;2,01784;0,3
0,181488;2,018484;0,3
0,18188;2,01884;0,3
0,1820488;2,01484;0,3
0,182088;2,0184;0,3
0,1821488;2,020484;0,3
0,182188;2,02084;0,3
0,1822488;2,021484;0,3
0,182288;2,02184;0,3
0,1823488;2,022484;0,3
0,182388;2,02284;0,3
0,1824488;2,023484;0,3
0,182488;2,02384;0,3
0,1825488;2,024484;0,3
0,182588;2,02484;0,3
0,1826488;2,025484;0,3
0,182688;2,02584;0,3
0,1827488;2,026484;0,3
0,182788;2,02684;0,3
0,1828488;2,027484;0,3
0,182888;2,02784;0,3
0,182488;2,028484;0,3
0,18288;2,02884;0,3
0,1830488;2,02484;0,3
0,183088;2,0284;0,3
0,1831488;2,030484;0,3
0,183188;2,03085;0,3
0,1832488;2,031485;0,3
0,183288;2,03185;0,3
0,1833488;2,032485;0,3
0,183388;2,03285;0,3
0,1834488;2,033485;0,3
0,183488;2,03385;0,3
0,1835488;2,034485;0,3
0,183588;2,03485;0,3
0,1836488;2,035485;0,3
0,183688;2,03585;0,3
0,1837488;2,036485;0,3
0,183788;2,03685;0,3
0,1838488;2,037485;0,3
0,183888;2,03785;0,3
0,183488;2,038485;0,3
0,18388;2,03885;0,3
0,1840488;2,03485;0,3
0,184088;2,0385;0,3
0,1841488;2,040485;0,3
0,184188;2,04085;0,3
0,1842488;2,041485;0,3
0,184288;2,04185;0,3
0,1843488;2,042485;0,3
0,184388;2,04285;0,3
0,1844488;2,043485;0,3
0,184488;2,04385;0,3
0,1845488;2,044485;0,3
0,184588;2,04485;0,3
0,1846488;2,045485;0,3
0,184688;2,04585;0,3
0,1847488;2,046485;0,3
0,184788;2,04685;0,3
0,1848488;2,047485;0,3
0,184888;2,04785;0,3
0,184488;2,048485;0,3
0,18488;2,04885;0,3
0,1850488;2,04485;0,3
0,185088;2,0485;0,3
0,1851488;2,050485;0,3
0,185188;2,05085;0,3
0,1852488;2,051485;0,3
0,185288;2,05185;0,3
0,1853488;2,052485;0,3
0,185388;2,05285;0,3
0,1854488;2,053485;0,3
0,185488;2,05385;0,3
0,1855488;2,054485;0,3
0,185588;2,05485;0,3
0,1856488;2,055485;0,3
0,185688;2,05585;0,3
0,1857488;2,056485;0,3
0,185788;2,05685;0,3
0,1858488;2,057485;0,3
0,185888;2,05785;0,3
0,185488;2,058485;0,3
0,18588;2,05885;0,3
0,1860488;2,05485;0,3
0,186088;2,0585;0,3
0,1861488;2,060485;0,3
0,186188;2,06086;0,3
0,1862488;2,061486;0,3
0,186288;2,06186;0,3
0,1863488;2,062486;0,3
0,186388;2,06286;0,3
0,1864488;2,063486;0,3
0,186488;2,06386;0,3
0,1865488;2,064486;0,3
0,186588;2,06486;0,3
0,1866488;2,065486;0,3
0,186688;2,06586;0,3
0,1867488;2,066486;0,3
0,186788;2,06686;0,3
0,1868488;2,067486;0,3
0,186888;2,06786;0,3
0,186488;2,068486;0,3
0,18688;2,06886;0,3
0,1870488;2,06486;0,3
0,187088;2,0686;0,3
0,1871488;2,070486;0,3
0,187188;2,07086;0,3
0,1872488;2,071486;0,3
0,187288;2,07186;0,3
0,1873488;2,072486;0,3
0,187388;2,07286;0,3
0,1874488;2,073486;0,3
0,187488;2,07386;0,3
0,1875487;2,074486;0,3
0,187588;2,07486;0,3
0,1876487;2,075486;0,3
0,187687;2,07586;0,3
0,1877487;2,076486;0,3
0,187787;2,07686;0,3
0,1878487;2,077486;0,3
0,187887;2,07786;0,3
0,187487;2,078486;0,3
0,18787;2,07886;0,3
0,1880487;2,07486;0,3
0,188087;2,0786;0,3
0,1881487;2,080486;0,3
0,188187;2,08086;0,3
0,1882487;2,081486;0,3
0,188287;2,08186;0,3
0,1883487;2,082486;0,3
0,188387;2,08286;0,3
0,1884487;2,083486;0,3
0,188487;2,08386;0,3
0,1885487;2,084486;0,3
0,188587;2,08486;0,3
0,1886487;2,085486;0,3
0,188687;2,08586;0,3
0,1887487;2,086486;0,3
0,188787;2,08686;0,3
0,1888487;2,087486;0,3
0,188887;2,08786;0,3
0,188487;2,088486;0,3
0,18887;2,08886;0,3
0,180487;2,08486;0,3
0,18087;2,0886;0,3
0,181487;2,00486;0,3
0,18187;2,0087;0,3
0,182487;2,01487;0,3
0,18287;2,0187;0,3
0,183487;2,02487;0,3
0,18387;2,0287;0,3
0,184487;2,03487;0,3
0,18487;2,0387;0,3
0,185487;2,04487;0,3
0,18587;2,0487;0,3
0,186487;2,05487;0,3
0,18687;2,0587;0,3
0,187487;2,06487;0,3
0,18787;2,0687;0,3
0,188487;2,07487;0,3
0,18887;2,0787;0,3
0,18487;2,08487;0,3
0,1887;2,0887;0,3
0,100487;2,0487;0,3
0,10087;2,087;0,3
0,101487;2,100487;0,3
0,10187;2,10087;0,3
0,102487;2,101487;0,3
0,10287;2,10187;0,3
0,103487;2,102487;0,3
0,10387;2,10287;0,3
0,104487;2,103487;0,3
0,10487;2,10387;0,3
0,105487;2,104487;0,3
0,10587;2,10487;0,3
0,106487;2,105487;0,3
0,10687;2,10587;0,3
0,107487;2,106487;0,3
0,10787;2,10687;0,3
0,108487;2,107487;0,3
0,10887;2,10787;0,3
0,10487;2,108487;0,3
0,1087;2,10887;0,3
0,110487;2,10487;0,3
0,11087;2,1087;0,3
0,111487;2,110487;0,3
0,11187;2,11087;0,3
0,112487;2,111487;0,3
0,11287;2,11187;0,3
0,113487;2,112487;0,3
0,11387;2,11287;0,3
0,114487;2,113487;0,3
0,11487;2,11387;0,3
0,115487;2,114487;0,3
0,11587;2,11487;0,3
0,116487;2,115487;0,3
0,11687;2,11587;0,3
0,117487;2,116487;0,3
0,11787;2,11687;0,3
0,118487;2,117487;0,3
0,11887;2,11787;0,3
0,11487;2,118487;0,3
0,1187;2,11887;0,3
0,120487;2,11487;0,3
0,12087;2,1187;0,3
0,121487;2,120487;0,3
0,12187;2,12088;0,3
0,122487;2,121488;0,3
0,12287;2,12188;0,3
0,123487;2,122488;0,3
0,12387;2,12288;0,3
0,124487;2,123488;0,3
0,12487;2,12388;0,3
0,125487;2,124488;0,3
0,12587;2,12488;0,3
0,126487;2,125488;0,3
0,12687;2,12588;0,3
0,127487;2,126488;0,3
0,12787;2,12688;0,3
0,128487;2,127488;0,3
0,12887;2,12788;0,3
0,12487;2,128488;0,3
0,1287;2,12888;0,3
0,130487;2,12488;0,3
0,13087;2,1288;0,3
0,131487;2,130488;0,3
0,13187;2,13088;0,3
0,132487;2,131488;0,3
0,13287;2,13188;0,3
0,133487;2,132488;0,3
0,13387;2,13288;0,3
0,134487;2,133488;0,3
0,13487;2,13388;0,3
0,135487;2,134488;0,3
0,13587;2,13488;0,3
0,136487;2,135488;0,3
0,13687;2,13588;0,3
0,137487;2,136488;0,3
0,13787;2,13688;0,3
0,138487;2,137488;0,3
0,13887;2,13788;0,3
0,13487;2,138488;0,3
0,1387;2,13888;0,3
0,140487;2,13488;0,3
0,14087;2,1388;0,3
0,141487;2,140488;0,3
0,14187;2,14088;0,3
0,142487;2,141488;0,3
0,14287;2,14188;0,3
0,143487;2,142488;0,3
0,14387;2,14288;0,3
0,144487;2,143488;0,3
0,14487;2,14388;0,3
0,145487;2,144488;0,3
0,14587;2,14488;0,3
0,146487;2,145488;0,3
0,14687;2,14588;0,3
0,147487;2,146488;0,3
0,14787;2,14688;0,3
0,148487;2,147488;0,3
0,14887;2,14788;0,3
0,14487;2,148488;0,3
0,1487;2,14888;0,3
0,150487;2,14488;0,3
0,15087;2,1488;0,3
0,151487;2,150488;0,3
0,15187;2,1508;0,3
0,152487;2,15148;0,3
0,15287;2,1518;0,3
0,153487;2,15248;0,3
0,15387;2,1528;0,3
0,154487;2,15348;0,3
0,15487;2,1538;0,3
0,155487;2,15448;0,3
0,15587;2,1548;0,3
0,156487;2,15548;0,3
0,15687;2,1558;0,3
0,157487;2,15648;0,3
0,15787;2,1568;0,3
0,158487;2,15748;0,3
0,15887;2,1578;0,3
0,15487;2,15848;0,3
0,1587;2,1588;0,3
0,160487;2,1548;0,3
0,16087;2,158;0,3
0,161487;2,16048;0,3
0,16187;2,1608;0,3
0,162487;2,16148;0,3
0,16287;2,1618;0,3
0,163487;2,16248;0,3
0,16387;2,1628;0,3
0,164487;2,16348;0,3
0,16487;2,1638;0,3
0,165487;2,16448;0,3
0,16586;2,1648;0,3
0,166487;2,16548;0,3
0,16686;2,1658;0,3
0,167486;2,16648;0,3
0,16786;2,1668;0,3
0,168486;2,16748;0,3
0,16886;2,1678;0,3
0,16486;2,16848;0,3
0,1686;2,1688;0,3
0,170486;2,1648;0,3
0,17086;2,168;0,3
0,171486;2,17048;0,3
0,17186;2,1708;0,3
0,172486;2,17148;0,3
0,17286;2,1718;0,3
0,173486;2,17248;0,3
0,17386;2,1728;0,3
0,174486;2,17348;0,3
0,17486;2,1738;0,3
0,175486;2,17448;0,3
0,17586;2,1748;0,3
0,176486;2,17548;0,3
0,17686;2,1758;0,3
0,177486;2,17648;0,3
0,17786;2,1768;0,3
0,178486;2,17748;0,3
0,17886;2,1778;0,3
0,17486;2,17848;0,3
0,1786;2,1788;0,3
0,180486;2,1748;0,3
0,18086;2,178;0,3
0,181486;2,18048;0,3
0,18186;2,180;0,3
0,182486;2,1814;0,3
0,18286;2,181;0,3
0,183486;2,1824;0,3
0,18386;2,182;0,3
0,184486;2,1834;0,3
0,18486;2,183;0,3
0,185486;2,1844;0,3
0,18586;2,184;0,3
0,186486;2,1854;0,3
0,18686;2,185;0,3
0,187486;2,1864;0,3
0,18786;2,186;0,3
0,188486;2,1874;0,3
0,18886;2,187;0,3
0,18486;2,1884;0,3
0,1886;2,188;0,3
0,10486;2,184;0,3
0,1086;2,18;0,3
0,11486;2,104;0,3
0,1186;2,10;0,3
0,12486;2,114;0,3
0,1286;2,11;0,3
0,13486;2,124;0,3
0,1386;2,12;0,3
0,14486;2,134;0,3
0,1486;2,13;0,3
0,15486;2,144;0,3
0,1586;2,14;0,3
0,16486;2,154;0,3
0,1686;2,15;0,3
0,17486;2,164;0,3
0,1786;2,16;0,3
0,18486;2,174;0,3
0,1886;2,17;0,3
0,1486;2,184;0,3
0,186;2,18;0,3
0,2000486;2,14;0,3
0,200086;2,1;0,4
0,2001486;2,2004;0,4
0,200186;2,200;0,4
0,2002486;2,2014;0,4
0,200286;2,201;0,4
0,2003486;2,2024;0,4
0,200386;2,202;0,4
0,2004486;2,2034;0,4
0,200486;2,203;0,4
0,2005486;2,2044;0,4
0,200586;2,204;0,4
0,2006486;2,2054;0,4
0,200686;2,205;0,4
0,2007486;2,2064;0,4
0,200786;2,206;0,4
0,2008486;2,2074;0,4
0,200886;2,207;0,4
0,200486;2,2084;0,4
0,20086;2,208;0,4
0,2010486;2,204;0,4
0,201086;2,20;0,4
0,2011486;2,2104;0,4
0,201186;2,2101;0,4
0,2012486;2,21141;0,4
0,201286;2,2111;0,4
0,2013486;2,21241;0,4
0,201386;2,2121;0,4
0,2014486;2,21341;0,4
0,201486;2,2131;0,4
0,2015486;2,21441;0,4
0,201586;2,2141;0,4
0,2016486;2,21541;0,4
0,201686;2,2151;0,4
0,2017486;2,21641;0,4
0,201786;2,2161;0,4
0,2018486;2,21741;0,4
0,201886;2,2171;0,4
0,201486;2,21841;0,4
0,20186;2,2181;0,4
0,2020486;2,2141;0,4
0,202086;2,211;0,4
0,2021486;2,22041;0,4
0,202186;2,2201;0,4
0,2022486;2,22141;0,4
0,202286;2,2211;0,4
0,2023486;2,22241;0,4
0,202386;2,2221;0,4
0,2024486;2,22341;0,4
0,202486;2,2231;0,4
0,2025486;2,22441;0,4
0,202586;2,2241;0,4
0,2026486;2,22541;0,4
0,202686;2,2251;0,4
0,2027486;2,22641;0,4
0,202786;2,2261;0,4
0,2028486;2,22741;0,4
0,202886;2,2271;0,4
0,202486;2,22841;0,4
0,20286;2,2281;0,4
0,2030486;2,2241;0,4
0,203086;2,221;0,4
0,2031486;2,23041;0,4
0,203186;2,2301;0,4
0,2032486;2,23141;0,4
0,203286;2,2311;0,4
0,2033486;2,23241;0,4
0,203386;2,2321;0,4
0,2034486;2,23341;0,4
0,203486;2,2331;0,4
0,2035486;2,23441;0,4
0,203586;2,2341;0,4
0,2036486;2,23541;0,4
0,203686;2,2351;0,4
0,2037486;2,23641;0,4
0,203786;2,2361;0,4
0,2038486;2,23741;0,4
0,203886;2,2371;0,4
0,203486;2,23841;0,4
0,20386;2,2381;0,4
0,2040486;2,2341;0,4
0,204086;2,231;0,4
0,2041486;2,24041;0,4
0,204186;2,2402;0,4
0,2042486;2,24142;0,4
0,204286;2,2412;0,4
0,2043486;2,24242;0,4
0,204386;2,2422;0,4
0,2044486;2,24342;0,4
0,204486;2,2432;0,4
0,2045486;2,24442;0,4
0,204586;2,2442;0,4
0,2046486;2,24542;0,4
0,204686;2,2452;0,4
0,2047486;2,24642;0,4
0,204786;2,2462;0,4
0,2048486;2,24742;0,4
0,204886;2,2472;0,4
0,204486;2,24842;0,4
0,20486;2,2482;0,4
0,2050486;2,2442;0,4
0,205086;2,242;0,4
0,2051486;2,25042;0,4
0,205186;2,2502;0,4
0,2052486;2,25142;0,4
0,205286;2,2512;0,4
0,2053486;2,25242;0,4
0,205385;2,2522;0,4
0,2054486;2,25342;0,4
0,205485;2,2532;0,4
0,2055485;2,25442;0,4
0,205585;2,2542;0,4
0,2056485;2,25542;0,4
0,205685;2,2552;0,4
0,2057485;2,25642;0,4
0,205785;2,2562;0,4
0,2058485;2,25742;0,4
0,205885;2,2572;0,4
0,205485;2,25842;0,4
0,20585;2,2582;0,4
0,2060485;2,2542;0,4
0,206085;2,252;0,4
0,2061485;2,26042;0,4
0,206185;2,2602;0,4
0,2062485;2,26142;0,4
0,206285;2,2612;0,4
0,2063485;2,26242;0,4
0,206385;2,2622;0,4
0,2064485;2,26342;0,4
0,206485;2,2632;0,4
0,2065485;2,26442;0,4
0,206585;2,2642;0,4
0,2066485;2,26542;0,4
0,206685;2,2652;0,4
0,2067485;2,26642;0,4
0,206785;2,2662;0,4
0,2068485;2,26742;0,4
0,206885;2,2672;0,4
0,206485;2,26842;0,4
0,20685;2,2682;0,4
0,2070485;2,2642;0,4
0,207085;2,262;0,4
0,2071485;2,27043;0,4
0,207185;2,2703;0,4
0,2072485;2,27143;0,4
0,207285;2,2713;0,4
0,2073485;2,27243;0,4
0,207385;2,2723;0,4
0,2074485;2,27343;0,4
0,207485;2,2733;0,4
0,2075485;2,27443;0,4
0,207585;2,2743;0,4
0,2076485;2,27543;0,4
0,207685;2,2753;0,4
0,2077485;2,27643;0,4
0,207785;2,2763;0,4
0,2078485;2,27743;0,4
0,207885;2,2773;0,4
0,207485;2,27843;0,4
0,20785;2,2783;0,4
0,2080485;2,2743;0,4
0,208085;2,273;0,4
0,2081485;2,28043;0,4
0,208185;2,2803;0,4
0,2082485;2,28143;0,4
0,208285;2,2813;0,4
0,2083485;2,28243;0,4
0,208385;2,2823;0,4
0,2084485;2,28343;0,4
0,208485;2,2833;0,4
0,2085485;2,28443;0,4
0,208585;2,2843;0,4
0,2086485;2,28543;0,4
0,208685;2,2853;0,4
0,2087485;2,28643;0,4
0,208785;2,2863;0,4
0,2088485;2,28743;0,4
0,208885;2,2873;0,4
0,208485;2,28843;0,4
0,20885;2,2883;0,4
0,200485;2,2843;0,4
0,20085;2,283;0,4
0,201485;2,2043;0,4
0,20185;2,203;0,4
0,202485;2,2143;0,4
0,20285;2,213;0,4
0,203485;2,2243;0,4
0,20385;2,223;0,4
0,204485;2,2343;0,4
0,20485;2,233;0,4
0,205485;2,2443;0,4
0,20585;2,243;0,4
0,206485;2,2543;0,4
0,20685;2,253;0,4
0,207485;2,2643;0,4
0,20785;2,263;0,4
0,208485;2,2743;0,4
0,20885;2,273;0,4
0,20485;2,2843;0,4
0,2085;2,283;0,4
0,2100485;2,243;0,4
0,210085;2,23;0,4
0,2101485;2,30044;0,4
0,210185;2,3004;0,4
0,2102485;2,30144;0,4
0,210285;2,3014;0,4
0,2103485;2,30244;0,4
0,210385;2,3024;0,4
0,2104485;2,30344;0,4
0,210485;2,3034;0,4
0,2105485;2,30444;0,4
0,210585;2,3044;0,4
0,2106485;2,30544;0,4
0,210685;2,3054;0,4
0,2107485;2,30644;0,4
0,210785;2,3064;0,4
0,2108485;2,30744;0,4
0,210885;2,3074;0,4
0,210485;2,30844;0,4
0,21085;2,3084;0,4
0,2110485;2,3044;0,4
0,211085;2,304;0,4
0,2111485;2,31044;0,4
0,211185;2,3104;0,4
0,2112485;2,31144;0,4
0,211285;2,3114;0,4
0,2113485;2,31244;0,4
0,211385;2,3124;0,4
0,2114485;2,31344;0,4
0,211485;2,3134;0,4
0,2115485;2,31444;0,4
0,211585;2,3144;0,4
0,2116485;2,31544;0,4
0,211685;2,3154;0,4
0,2117485;2,31644;0,4
0,211785;2,3164;0,4
0,2118485;2,31744;0,4
0,211885;2,3174;0,4
0,211485;2,31844;0,4
0,21185;2,3184;0,4
0,2120485;2,3144;0,4
0,212085;2,314;0,4
0,2121485;2,32044;0,4
0,212185;2,3204;0,4
0,2122485;2,32144;0,4
0,212285;2,3214;0,4
0,2123485;2,32244;0,4
0,212385;2,3224;0,4
0,2124485;2,32344;0,4
0,212485;2,3234;0,4
0,2125485;2,32444;0,4
0,212585;2,3244;0,4
0,2126485;2,32544;0,4
0,212685;2,3254;0,4
0,2127485;2,32644;0,4
0,212785;2,3264;0,4
0,2128485;2,32744;0,4
0,212885;2,3274;0,4
0,212485;2,32844;0,4
0,21285;2,3284;0,4
0,2130485;2,3244;0,4
0,213085;2,324;0,4
0,2131485;2,33045;0,4
0,213185;2,3305;0,4
0,2132485;2,33145;0,4
0,213285;2,3315;0,4
0,2133485;2,33245;0,4
0,213385;2,3325;0,4
0,2134485;2,33345;0,4
0,213485;2,3335;0,4
0,2135485;2,33445;0,4
0,213585;2,3345;0,4
0,2136485;2,33545;0,4
0,213685;2,3355;0,4
0,2137485;2,33645;0,4
0,213785;2,3365;0,4
0,2138485;2,33745;0,4
0,213885;2,3375;0,4
0,213485;2,33845;0,4
0,21385;2,3385;0,4
0,2140485;2,3345;0,4
0,214085;2,335;0,4
0,2141485;2,34045;0,4
0,214185;2,3405;0,4
0,2142485;2,34145;0,4
0,214285;2,3415;0,4
0,2143485;2,34245;0,4
0,214385;2,3425;0,4
0,2144485;2,34345;0,4
0,214484;2,3435;0,4
0,2145485;2,34445;0,4
0,214584;2,3445;0,4
0,2146484;2,34545;0,4
0,214684;2,3455;0,4
0,2147484;2,34645;0,4
0,214784;2,3465;0,4
0,2148484;2,34745;0,4
0,214884;2,3475;0,4
0,214484;2,34845;0,4
0,21484;2,3485;0,4
0,2150484;2,3445;0,4
0,215084;2,345;0,4
0,2151484;2,35045;0,4
0,215184;2,3505;0,4
0,2152484;2,35145;0,4
0,215284;2,3515;0,4
0,2153484;2,35245;0,4
0,215384;2,3525;0,4
0,2154484;2,35345;0,4
0,215484;2,3535;0,4
0,2155484;2,35445;0,4
0,215584;2,3545;0,4
0,2156484;2,35545;0,4
0,215684;2,3555;0,4
0,2157484;2,35645;0,4
0,215784;2,3565;0,4
0,2158484;2,35745;0,4
0,215884;2,3575;0,4
0,215484;2,35845;0,4
0,21584;2,3585;0,4
0,2160484;2,3545;0,4
0,216084;2,355;0,4
0,2161484;2,36046;0,4
0,216184;2,3606;0,4
0,2162484;2,36146;0,4
0,216284;2,3616;0,4
0,2163484;2,36246;0,4
0,216384;2,3626;0,4
0,2164484;2,36346;0,4
0,216484;2,3636;0,4
0,2165484;2,36446;0,4
0,216584;2,3646;0,4
0,2166484;2,36546;0,4
0,216684;2,3656;0,4
0,2167484;2,36646;0,4
0,216784;2,3666;0,4
0,2168484;2,36746;0,4
0,216884;2,3676;0,4
0,216484;2,36846;0,4
0,21684;2,3686;0,4
0,2170484;2,3646;0,4
0,217084;2,366;0,4
0,2171484;2,37046;0,4
0,217184;2,3706;0,4
0,2172484;2,37146;0,4
0,217284;2,3716;0,4
0,2173484;2,37246;0,4
0,217384;2,3726;0,4
0,2174484;2,37346;0,4
0,217484;2,3736;0,4
0,2175484;2,37446;0,4
0,217584;2,3746;0,4
0,2176484;2,37546;0,4
0,217684;2,3756;0,4
0,2177484;2,37646;0,4
0,217784;2,3766;0,4
0,2178484;2,37746;0,4
0,217884;2,3776;0,4
0,217484;2,37846;0,4
0,21784;2,3786;0,4
0,2180484;2,3746;0,4
0,218084;2,376;0,4
0,2181484;2,38046;0,4
0,218184;2,3806;0,4
0,2182484;2,38146;0,4
0,218284;2,3816;0,4
0,2183484;2,38246;0,4
0,218384;2,3826;0,4
0,2184484;2,38346;0,4
0,218484;2,3836;0,4
0,2185484;2,38446;0,4
0,218584;2,3846;0,4
0,2186484;2,38546;0,4
0,218684;2,3856;0,4
0,2187484;2,38646;0,4
0,218784;2,3866;0,4
0,2188484;2,38746;0,4
0,218884;2,3876;0,4
0,218484;2,38846;0,4
0,21884;2,3886;0,4
0,210484;2,3846;0,4
0,21084;2,386;0,4
0,211484;2,3047;0,4
0,21184;2,307;0,4
0,212484;2,3147;0,4
0,21284;2,317;0,4
0,213484;2,3247;0,4
0,21384;2,327;0,4
0,214484;2,3347;0,4
0,21484;2,337;0,4
0,215484;2,3447;0,4
0,21584;2,347;0,4
0,216484;2,3547;0,4
0,21684;2,357;0,4
0,217484;2,3647;0,4
0,21784;2,367;0,4
0,218484;2,3747;0,4
0,21884;2,377;0,4
0,21484;2,3847;0,4
0,2184;2,387;0,4
0,2200484;2,347;0,4
0,220084;2,37;0,4
0,2201484;2,40047;0,4
0,220184;2,4007;0,4
0,2202484;2,40147;0,4
0,220284;2,4017;0,4
0,2203484;2,40247;0,4
0,220384;2,4027;0,4
0,2204484;2,40347;0,4
0,220484;2,4037;0,4
0,2205484;2,40447;0,4
0,220584;2,4047;0,4
0,2206484;2,40547;0,4
0,220684;2,4057;0,4
0,2207484;2,40647;0,4
0,220784;2,4067;0,4
0,2208484;2,40747;0,4
0,220884;2,4077;0,4
0,220484;2,40847;0,4
0,22084;2,4087;0,4
0,2210484;2,4047;0,4
0,221084;2,407;0,4
0,2211484;2,41047;0,4
0,221184;2,4107;0,4
0,2212484;2,41147;0,4
0,221284;2,4117;0,4
0,2213484;2,41247;0,4
0,221384;2,4127;0,4
0,2214484;2,41347;0,4
0,221484;2,4137;0,4
0,2215484;2,41447;0,4
0,221584;2,4147;0,4
0,2216484;2,41547;0,4
0,221684;2,4157;0,4
0,2217484;2,41647;0,4
0,221784;2,4167;0,4
0,2218484;2,41747;0,4
0,221884;2,4177;0,4
0,221484;2,41847;0,4
0,22184;2,4187;0,4
0,2220484;2,4147;0,4
0,222084;2,417;0,4
0,2221484;2,42048;0,4
0,222184;2,4208;0,4
0,2222484;2,42148;0,4
0,222284;2,4218;0,4
0,2223484;2,42248;0,4
0,222384;2,4228;0,4
0,2224484;2,42348;0,4
0,222484;2,4238;0,4
0,2225484;2,42448;0,4
0,222584;2,4248;0,4
0,2226484;2,42548;0,4
0,222684;2,4258;0,4
0,2227484;2,42648;0,4
0,222784;2,4268;0,4
0,2228484;2,42748;0,4
0,222884;2,4278;0,4
0,222484;2,42848;0,4
0,22284;2,4288;0,4
0,2230484;2,4248;0,4
0,223084;2,428;0,4
0,2231484;2,43048;0,4
0,223184;2,4308;0,4
0,2232484;2,43148;0,4
0,223284;2,4318;0,4
0,2233484;2,43248;0,4
0,223384;2,4328;0,4
0,2234484;2,43348;0,4
0,223484;2,4338;0,4
0,2235484;2,43448;0,4
0,223583;2,4348;0,4
0,2236484;2,43548;0,4
0,223683;2,4358;0,4
0,2237483;2,43648;0,4
0,223783;2,4368;0,4
0,2238483;2,43748;0,4
0,223883;2,4378;0,4
0,223483;2,43848;0,4
0,22383;2,4388;0,4
0,2240483;2,4348;0,4
0,224083;2,438;0,4
0,2241483;2,44048;0,4
0,224183;2,4408;0,4
0,2242483;2,44148;0,4
0,224283;2,4418;0,4
0,2243483;2,44248;0,4
0,224383;2,4428;0,4
0,2244483;2,44348;0,4
0,224483;2,4438;0,4
0,2245483;2,44448;0,4
0,224583;2,4448;0,4
0,2246483;2,44548;0,4
0,224683;2,4458;0,4
0,2247483;2,44648;0,4
0,224783;2,4468;0,4
0,2248483;2,44748;0,4
0,224883;2,4478;0,4
0,224483;2,44848;0,4
0,22483;2,4488;0,4
0,2250483;2,4448;0,4
0,225083;2,448;0,4
0,2251483;2,4504;0,4
0,225183;2,450;0,4
0,2252483;2,4514;0,4
0,225283;2,451;0,4
0,2253483;2,4524;0,4
0,225383;2,452;0,4
0,2254483;2,4534;0,4
0,225483;2,453;0,4
0,2255483;2,4544;0,4
0,225583;2,454;0,4
0,2256483;2,4554;0,4
0,225683;2,455;0,4
0,2257483;2,4564;0,4
0,225783;2,456;0,4
0,2258483;2,4574;0,4
0,225883;2,457;0,4
0,225483;2,4584;0,4
0,22583;2,458;0,4
0,2260483;2,454;0,4
0,226083;2,45;0,4
0,2261483;2,4604;0,4
0,226183;2,460;0,4
0,2262483;2,4614;0,4
0,226283;2,461;0,4
0,2263483;2,4624;0,4
0,226383;2,462;0,4
0,2264483;2,4634;0,4
0,226483;2,463;0,4
0,2265483;2,4644;0,4
0,226583;2,464;0,4
0,2266483;2,4654;0,4
0,226683;2,465;0,4
0,2267483;2,4664;0,4
0,226783;2,466;0,4
0,2268483;2,4674;0,4
0,226883;2,467;0,4
0,226483;2,4684;0,4
0,22683;2,468;0,4
0,2270483;2,464;0,4
0,227083;2,46;0,4
0,2271483;2,4704;0,4
0,227183;2,470;0,4
0,2272483;2,4714;0,4
0,227283;2,471;0,4
0,2273483;2,4724;0,4
0,227383;2,472;0,4
0,2274483;2,4734;0,4
0,227483;2,473;0,4
0,2275483;2,4744;0,4
0,227583;2,474;0,4
0,2276483;2,4754;0,4
0,227683;2,475;0,4
0,2277483;2,4764;0,4
0,227783;2,476;0,4
0,2278483;2,4774;0,4
0,227883;2,477;0,4
0,227483;2,4784;0,4
0,22783;2,478;0,4
0,2280483;2,474;0,4
0,228083;2,47;0,4
0,2281483;2,4805;0,4
0,228183;2,481;0,4
0,2282483;2,4815;0,4
0,228283;2,482;0,4
0,2283483;2,4825;0,4
0,228383;2,483;0,4
0,2284483;2,4835;0,4
0,228483;2,484;0,4
0,2285483;2,4845;0,4
0,228583;2,485;0,4
0,2286483;2,4855;0,4
0,228683;2,486;0,4
0,2287483;2,4865;0,4
0,228783;2,487;0,4
0,2288483;2,4875;0,4
0,228883;2,488;0,4
0,228483;2,4885;0,4
0,22883;2,48;0,4
0,220483;2,485;0,4
0,22083;2,4;0,4
0,221483;2,405;0,4
0,22183;2,41;0,4
0,222483;2,415;0,4
0,22283;2,42;0,4
0,223483;2,425;0,4
0,22383;2,43;0,4
0,224483;2,435;0,4
0,22483;2,44;0,4
0,225483;2,445;0,4
0,22583;2,45;0,4
0,226483;2,455;0,4
0,22683;2,46;0,4
0,227483;2,465;0,4
0,22783;2,47;0,4
0,228483;2,475;0,4
0,22883;2,48;0,4
0,22483;2,485;0,4
0,2283;2,4;0,4
0,2300483;2,45;0,4
0,230083;2,5;0,4
0,2301483;2,5005;0,4
0,230183;2,501;0,4
0,2302483;2,5015;0,4
0,230283;2,502;0,4
0,2303483;2,5025;0,4
0,230383;2,503;0,4
0,2304483;2,5035;0,4
0,230483;2,504;0,4
0,2305483;2,5045;0,4
0,230583;2,505;0,4
0,2306483;2,5055;0,4
0,230683;2,506;0,4
0,2307483;2,5065;0,4
0,230783;2,507;0,4
0,2308483;2,5075;0,4
0,230883;2,508;0,4
0,230483;2,5085;0,4
0,23083;2,50;0,4
0,2310483;2,505;0,4
0,231083;2,51001;0,4
0,2311483;2,51051;0,4
0,231183;2,51101;0,4
0,2312483;2,51151;0,4
0,231283;2,51201;0,4
0,2313483;2,51251;0,4
0,231383;2,51301;0,4
0,2314483;2,51351;0,4
0,231483;2,51401;0,4
0,2315483;2,51451;0,4
0,231583;2,51501;0,4
0,2316483;2,51551;0,4
0,231683;2,51601;0,4
0,2317483;2,51651;0,4
0,231783;2,51701;0,4
0,2318483;2,51751;0,4
0,231883;2,51801;0,4
0,231483;2,51851;0,4
0,23183;2,5101;0,4
0,2320483;2,5151;0,4
0,232083;2,52001;0,4
0,2321483;2,52051;0,4
0,232183;2,52101;0,4
0,2322483;2,52151;0,4
0,232283;2,52201;0,4
0,2323483;2,52251;0,4
0,232383;2,52301;0,4
0,2324483;2,52351;0,4
0,232483;2,52401;0,4
0,2325483;2,52451;0,4
0,232582;2,52501;0,4
0,2326483;2,52551;0,4
0,232682;2,52601;0,4
0,2327483;2,52651;0,4
0,232782;2,52701;0,4
0,2328482;2,52751;0,4
0,232882;2,52801;0,4
0,232482;2,52851;0,4
0,23282;2,5201;0,4
0,2330482;2,5251;0,4
0,233082;2,53001;0,4
0,2331482;2,53051;0,4
0,233182;2,53101;0,4
0,2332482;2,53151;0,4
0,233282;2,53201;0,4
0,2333482;2,53251;0,4
0,233382;2,53301;0,4
0,2334482;2,53351;0,4
0,233482;2,53401;0,4
0,2335482;2,53451;0,4
0,233582;2,53501;0,4
0,2336482;2,53551;0,4
0,233682;2,53601;0,4
0,2337482;2,53651;0,4
0,233782;2,53701;0,4
0,2338482;2,53751;0,4
0,233882;2,53801;0,4
0,233482;2,53851;0,4
0,23382;2,5301;0,4
0,2340482;2,5351;0,4
0,234082;2,54002;0,4
0,2341482;2,54052;0,4
0,234182;2,54102;0,4
0,2342482;2,54152;0,4
0,234282;2,54202;0,4
0,2343482;2,54252;0,4
0,234382;2,54302;0,4
0,2344482;2,54352;0,4
0,234482;2,54402;0,4
0,2345482;2,54452;0,4
0,234582;2,54502;0,4
0,2346482;2,54552;0,4
0,234682;2,54602;0,4
0,2347482;2,54652;0,4
0,234782;2,54702;0,4
0,2348482;2,54752;0,4
0,234882;2,54802;0,4
0,234482;2,54852;0,4
0,23482;2,5402;0,4
0,2350482;2,5452;0,4
0,235082;2,55002;0,4
0,2351482;2,55052;0,4
0,235182;2,55102;0,4
0,2352482;2,55152;0,4
0,235282;2,55202;0,4
0,2353482;2,55252;0,4
0,235382;2,55302;0,4
0,2354482;2,55352;0,4
0,235482;2,55402;0,4
0,2355482;2,55452;0,4
0,235582;2,55502;0,4
0,2356482;2,55552;0,4
0,235682;2,55602;0,4
0,2357482;2,55652;0,4
0,235782;2,55702;0,4
0,2358482;2,55752;0,4
0,235882;2,55802;0,4
0,235482;2,55852;0,4
0,23582;2,5502;0,4
0,2360482;2,5552;0,4
0,236082;2,56002;0,4
0,2361482;2,56052;0,4
0,236182;2,56102;0,4
0,2362482;2,56152;0,4
0,236282;2,56202;0,4
0,2363482;2,56252;0,4
0,236382;2,56302;0,4
0,2364482;2,56352;0,4
0,236482;2,56402;0,4
0,2365482;2,56452;0,4
0,236582;2,56502;0,4
0,2366482;2,56552;0,4
0,236682;2,56602;0,4
0,2367482;2,56652;0,4
0,236782;2,56702;0,4
0,2368482;2,56752;0,4
0,236882;2,56802;0,4
0,236482;2,56852;0,4
0,23682;2,5602;0,4
0,2370482;2,5652;0,4
0,237082;2,57003;0,4
0,2371482;2,57053;0,4
0,237182;2,57103;0,4
0,2372482;2,57153;0,4
0,237282;2,57203;0,4
0,2373482;2,57253;0,4
0,237382;2,57303;0,4
0,2374482;2,57353;0,4
0,237482;2,57403;0,4
0,2375482;2,57453;0,4
0,237582;2,57503;0,4
0,2376482;2,57553;0,4
0,237682;2,57603;0,4
0,2377482;2,57653;0,4
0,237782;2,57703;0,4
0,2378482;2,57753;0,4
0,237882;2,57803;0,4
0,237482;2,57853;0,4
0,23782;2,5703;0,4
0,2380482;2,5753;0,4
0,238082;2,58003;0,4
0,2381482;2,58053;0,4
0,238182;2,58103;0,4
0,2382482;2,58153;0,4
0,238282;2,58203;0,4
0,2383482;2,58253;0,4
0,238382;2,58303;0,4
0,2384482;2,58353;0,4
0,238482;2,58403;0,4
0,2385482;2,58453;0,4
0,238582;2,58503;0,4
0,2386482;2,58553;0,4
0,238682;2,58603;0,4
0,2387482;2,58653;0,4
0,238782;2,58703;0,4
0,2388482;2,58753;0,4
0,238882;2,58803;0,4
0,238482;2,58853;0,4
0,23882;2,5803;0,4
0,230482;2,5853;0,4
0,23082;2,5003;0,4
0,231482;2,5053;0,4
0,23182;2,5103;0,4
0,232482;2,5153;0,4
0,23282;2,5203;0,4
0,233482;2,5253;0,4
0,23382;2,5303;0,4
0,234482;2,5353;0,4
0,23482;2,5403;0,4
0,235482;2,5453;0,4
0,23582;2,5503;0,4
0,236482;2,5553;0,4
0,23682;2,5603;0,4
0,237482;2,5653;0,4
0,23782;2,5703;0,4
0,238482;2,5753;0,4
0,23882;2,5803;0,4
0,23482;2,5853;0,4
0,2382;2,503;0,4
0,2400482;2,553;0,4
0,240082;2,60004;0,4
0,2401482;2,60054;0,4
0,240182;2,60104;0,4
0,2402482;2,60154;0,4
0,240282;2,60204;0,4
0,2403482;2,60254;0,4
0,240382;2,60304;0,4
0,2404482;2,60354;0,4
0,240482;2,60404;0,4
0,2405482;2,60454;0,4
0,240582;2,60504;0,4
0,2406482;2,60554;0,4
0,240682;2,60604;0,4
0,2407482;2,60654;0,4
0,240782;2,60704;0,4
0,2408482;2,60754;0,4
0,240882;2,60804;0,4
0,240482;2,60854;0,4
0,24082;2,6004;0,4
0,2410482;2,6054;0,4
0,241082;2,61004;0,4
0,2411482;2,61054;0,4
0,241182;2,61104;0,4
0,2412482;2,61154;0,4
0,241282;2,61204;0,4
0,2413482;2,61254;0,4
0,241382;2,61304;0,4
0,2414482;2,61354;0,4
0,241482;2,61404;0,4
0,2415482;2,61454;0,4
0,241582;2,61504;0,4
0,2416482;2,61554;0,4
0,241681;2,61604;0,4
0,2417482;2,61654;0,4
0,241781;2,61704;0,4
0,2418482;2,61754;0,4
0,241881;2,61804;0,4
0,241481;2,61854;0,4
0,24181;2,6104;0,4
0,2420481;2,6154;0,4
0,242081;2,62004;0,4
0,2421481;2,62054;0,4
0,242181;2,62104;0,4
0,2422481;2,62154;0,4
0,242281;2,62204;0,4
0,2423481;2,62254;0,4
0,242381;2,62304;0,4
0,2424481;2,62354;0,4
0,242481;2,62404;0,4
0,2425481;2,62454;0,4
0,242581;2,62504;0,4
0,2426481;2,62554;0,4
0,242681;2,62604;0,4
0,2427481;2,62654;0,4
0,242781;2,62704;0,4
0,2428481;2,62754;0,4
0,242881;2,62804;0,4
0,242481;2,62854;0,4
0,24281;2,6204;0,4
0,2430481;2,6254;0,4
0,243081;2,63005;0,4
0,2431481;2,63055;0,4
0,243181;2,63105;0,4
0,2432481;2,63155;0,4
0,243281;2,63205;0,4
0,2433481;2,63255;0,4
0,243381;2,63305;0,4
0,2434481;2,63355;0,4
0,243481;2,63405;0,4
0,2435481;2,63455;0,4
0,243581;2,63505;0,4
0,2436481;2,63555;0,4
0,243681;2,63605;0,4
0,2437481;2,63655;0,4
0,243781;2,63705;0,4
0,2438481;2,63755;0,4
0,243881;2,63805;0,4
0,243481;2,63855;0,4
0,24381;2,6305;0,4
0,2440481;2,6355;0,4
0,244081;2,64005;0,4
0,2441481;2,64055;0,4
0,244181;2,64105;0,4
0,2442481;2,64155;0,4
0,244281;2,64205;0,4
0,2443481;2,64255;0,4
0,244381;2,64305;0,4
0,2444481;2,64355;0,4
0,244481;2,64405;0,4
0,2445481;2,64455;0,4
0,244581;2,64505;0,4
0,2446481;2,64555;0,4
0,244681;2,64605;0,4
0,2447481;2,64655;0,4
0,244781;2,64705;0,4
0,2448481;2,64755;0,4
0,244881;2,64805;0,4
0,244481;2,64855;0,4
0,24481;2,6405;0,4
0,2450481;2,6455;0,4
0,245081;2,65005;0,4
0,2451481;2,65055;0,4
0,245181;2,65105;0,4
0,2452481;2,65155;0,4
0,245281;2,65205;0,4
0,2453481;2,65255;0,4
0,245381;2,65305;0,4
0,2454481;2,65355;0,4
0,245481;2,65405;0,4
0,2455481;2,65455;0,4
0,245581;2,65505;0,4
0,2456481;2,65555;0,4
0,245681;2,65605;0,4
0,2457481;2,65655;0,4
0,245781;2,65705;0,4
0,2458481;2,65755;0,4
0,245881;2,65805;0,4
0,245481;2,65855;0,4
0,24581;2,6505;0,4
0,2460481;2,6555;0,4
0,246081;2,66006;0,4
0,2461481;2,66056;0,4
0,246181;2,66106;0,4
0,2462481;2,66156;0,4
0,246281;2,66206;0,4
0,2463481;2,66256;0,4
0,246381;2,66306;0,4
0,2464481;2,66356;0,4
0,246481;2,66406;0,4
0,2465481;2,66456;0,4
0,246581;2,66506;0,4
0,2466481;2,66556;0,4
0,246681;2,66606;0,4
0,2467481;2,66656;0,4
0,246781;2,66706;0,4
0,2468481;2,66756;0,4
0,246881;2,66806;0,4
0,246481;2,66856;0,4
0,24681;2,6606;0,4
0,2470481;2,6656;0,4
0,247081;2,67006;0,4
0,2471481;2,67056;0,4
0,247181;2,67106;0,4
0,2472481;2,67156;0,4
0,247281;2,67206;0,4
0,2473481;2,67256;0,4
0,247381;2,67306;0,4
0,2474481;2,67356;0,4
0,247481;2,67406;0,4
0,2475481;2,67456;0,4
0,247581;2,67506;0,4
0,2476481;2,67556;0,4
0,247681;2,67606;0,4
0,2477481;2,67656;0,4
0,247781;2,67706;0,4
0,2478481;2,67756;0,4
0,247881;2,67806;0,4
0,247481;2,67856;0,4
0,24781;2,6706;0,4
0,2480481;2,6756;0,4
0,248081;2,68006;0,4
0,2481481;2,68056;0,4
0,248181;2,68106;0,4
0,2482481;2,68156;0,4
0,248281;2,68206;0,4
0,2483481;2,68256;0,4
0,248381;2,68306;0,4
0,2484481;2,68356;0,4
0,248481;2,68406;0,4
0,2485481;2,68456;0,4
0,248581;2,68506;0,4
0,2486481;2,68556;0,4
0,248681;2,68606;0,4
0,2487481;2,68656;0,4
0,248781;2,68706;0,4
0,2488481;2,68756;0,4
0,248881;2,68806;0,4
0,248481;2,68856;0,4
0,24881;2,6806;0,4
0,240481;2,6856;0,4
0,24081;2,6007;0,4
0,241481;2,6057;0,4
0,24181;2,6107;0,4
0,242481;2,6157;0,4
0,24281;2,6207;0,4
0,243481;2,6257;0,4
0,24381;2,6307;0,4
0,244481;2,6357;0,4
0,24481;2,6407;0,4
0,245481;2,6457;0,4
0,24581;2,6507;0,4
0,246481;2,6557;0,4
0,24681;2,6607;0,4
0,247481;2,6657;0,4
0,24781;2,6707;0,4
0,248481;2,6757;0,4
0,24881;2,6807;0,4
0,24481;2,6857;0,4
0,2481;2,607;0,4
0,2500481;2,657;0,4
